{"Version":"0.0.0","Data":{"Constructions":"{\"Version\":\"0.0.16\",\"Structures\":[[],null,[{\"TypeID\":2,\"Position\":{\"x\":-1150.29565,\"y\":139.2255,\"z\":-234.27475},\"Rotation\":{\"y\":0.714251041,\"w\":0.6998896},\"LinkedStructures\":[null,{\"TypeID\":9},null,null,null,null,null],\"Elements\":[{\"ProfileID\":2,\"Position\":{\"x\":-1150.29565,\"y\":140.5755,\"z\":-234.27475},\"Rotation\":{\"x\":-0.5050518,\"y\":-0.49489674,\"z\":-0.49489674,\"w\":0.5050518},\"LengthScale\":1.0}],\"Storages\":[]}],null,null,null,null,null,null,[{\"TypeID\":9,\"Position\":{\"x\":-1149.70532,\"y\":140.5933,\"z\":-233.483932},\"Rotation\":{\"y\":0.9907872,\"w\":0.135427818},\"LinkedStructures\":[null,null,null,null,null,null],\"Elements\":[{\"ProfileID\":2,\"Position\":{\"x\":-1150.14929,\"y\":140.548615,\"z\":-233.410812},\"Rotation\":{\"x\":-0.7071068,\"y\":-7.450581E-09,\"z\":-7.450581E-09,\"w\":0.7071068},\"LengthScale\":1.0},{\"ProfileID\":2,\"Position\":{\"x\":-1149.70532,\"y\":140.5933,\"z\":-233.483932},\"Rotation\":{\"x\":-0.70710355,\"y\":-0.002121307,\"z\":-0.002121307,\"w\":0.7071036},\"LengthScale\":1.00000048},{\"ProfileID\":2,\"Position\":{\"x\":-1150.45447,\"y\":140.5342,\"z\":-233.7415},\"Rotation\":{\"x\":-0.7071068,\"y\":-7.450581E-09,\"z\":-7.450581E-09,\"w\":0.7071068},\"LengthScale\":1.0},{\"ProfileID\":2,\"Position\":{\"x\":-1149.58447,\"y\":140.625641,\"z\":-233.91774},\"Rotation\":{\"x\":-0.7071068,\"y\":-7.450581E-09,\"z\":-7.450581E-09,\"w\":0.7071068},\"LengthScale\":1.0},{\"ProfileID\":2,\"Position\":{\"x\":-1149.8457,\"y\":140.618271,\"z\":-234.28389},\"Rotation\":{\"x\":-0.7071068,\"y\":-7.450581E-09,\"z\":-7.450581E-09,\"w\":0.7071068},\"LengthScale\":1.0}],\"Storages\":[]}],[{\"TypeID\":10,\"Position\":{\"x\":-1153.17139,\"y\":139.111023,\"z\":-225.261},\"Rotation\":{\"w\":1.0},\"LinkedStructures\":[null,null,null,null,null,null,{\"TypeID\":12},null,{\"TypeID\":11}],\"Elements\":[{\"ProfileID\":14,\"Position\":{\"x\":-1153.17139,\"y\":139.111023,\"z\":-225.261},\"Rotation\":{\"w\":1.0},\"LengthScale\":1.0}],\"Storages\":[]}],[{\"TypeID\":11,\"Position\":{\"x\":-1153.17139,\"y\":139.111023,\"z\":-225.261},\"Rotation\":{\"w\":1.0},\"LinkedStructures\":[{\"TypeID\":10},{\"TypeID\":10}],\"Elements\":[{\"ProfileID\":16,\"Position\":{\"x\":-1153.17139,\"y\":139.111023,\"z\":-225.261},\"Rotation\":{\"w\":1.0},\"LengthScale\":1.0}],\"Storages\":[]}],[{\"TypeID\":12,\"Position\":{\"x\":-1152.04138,\"y\":139.095657,\"z\":-224.131},\"Rotation\":{\"w\":1.0},\"LinkedStructures\":[{\"TypeID\":10},null,null,null,null,null],\"Elements\":[{\"ProfileID\":81,\"Position\":{\"x\":-1152.04138,\"y\":139.795654,\"z\":-224.131},\"Rotation\":{\"x\":-0.7071068,\"w\":0.7071068},\"LengthScale\":1.0}],\"Storages\":[]}],null,null,null,null,null,null,null,null,null,null,null,null,null,null,null,null,null,null,null,null,null,null,null,null,null,null,null,null,null,null,null,null,null,null,null,null,null,null,null,null]}"}}