{"Version":"0.0.0","Data":{"PlayerState":"{\"Version\":\"1.0.0\",\"_entries\":[{\"Name\":\"Strength\",\"SettingType\":2},{\"Name\":\"StrengthLevel\",\"SettingType\":1,\"IntValue\":1},{\"Name\":\"CurrentStrength\",\"SettingType\":2},{\"Name\":\"RequiredCurrentStrengthPerLevel\",\"SettingType\":2},{\"Name\":\"MaxHealth\",\"SettingType\":2,\"FloatValue\":100.0},{\"Name\":\"CurrentHealth\",\"SettingType\":2,\"FloatValue\":100.0},{\"Name\":\"TargetHealth\",\"SettingType\":2,\"FloatValue\":100.0},{\"Name\":\"Sickness\",\"SettingType\":2},{\"Name\":\"Hydration\",\"SettingType\":2,\"FloatValue\":100.0},{\"Name\":\"Fullness\",\"SettingType\":2,\"FloatValue\":100.0},{\"Name\":\"Rest\",\"SettingType\":2,\"FloatValue\":100.0},{\"Name\":\"Stamina\",\"SettingType\":2,\"FloatValue\":100.0},{\"Name\":\"HydrationBuff\",\"SettingType\":2,\"FloatValue\":-0.1741854},{\"Name\":\"FullnessBuff\",\"SettingType\":2,\"FloatValue\":-0.1741854},{\"Name\":\"RestBuff\",\"SettingType\":2},{\"Name\":\"CookingBuffTimeRemaining\",\"SettingType\":2},{\"Name\":\"CookingBuffRecipe\",\"SettingType\":1,\"IntValue\":-1},{\"Name\":\"player.position\",\"SettingType\":4,\"FloatArrayValue\":[-1162.75781,137.512085,-223.962891]},{\"Name\":\"player.rotation\",\"SettingType\":4,\"FloatArrayValue\":[0.0,0.0,0.0,1.0]},{\"Name\":\"player.areaMask\",\"SettingType\":1},{\"Name\":\"InventoryLightsActive\"}],\"NamedInts\":[{\"SaveObjectNameId\":\"BunkerLuxury.Cutscene.MutantBossIntro\"},{\"SaveObjectNameId\":\"BunkerResidential.Cutscene.GetDownSon\"}]}"}}