{"Version":"0.0.0","Data":{"WorldObjectLocatorManager":"{\"Version\":\"0.0.0\",\"SerializedStates\":[{\"Key\":\"3703BBFF3A5708001325F3FF\",\"Value\":3},{\"Key\":\"66F9BAFF75490800EB60F3FF\",\"Value\":1},{\"Key\":\"ED32BBFF93510800AF39F3FF\",\"Value\":1},{\"Key\":\"F82FBBFFF94A08002B61F3FF\",\"Value\":1},{\"Key\":\"37ECBAFFA9500800FF40F3FF\",\"Value\":1},{\"Key\":\"6AD8BAFF2C500800F53DF3FF\",\"Value\":1},{\"Key\":\"F8E2BAFF7D4C0800B94EF3FF\",\"Value\":1},{\"Key\":\"4D65BBFF084D0800E6C1F3FF\",\"Value\":1},{\"Key\":\"1B68BBFF604F080060EFF3FF\",\"Value\":1},{\"Key\":\"554DBBFF554808008AB5F3FF\",\"Value\":1},{\"Key\":\"4635BBFF313A080017F2F3FF\",\"Value\":1},{\"Key\":\"D5A8BAFFF7450800634FF3FF\",\"Value\":1},{\"Key\":\"A019BBFF262D0800ACFDF3FF\",\"Value\":1},{\"Key\":\"6C19BBFFBF3808008EC7F3FF\",\"Value\":1},{\"Key\":\"8C60B9FF65830800D31DF1FF\",\"Value\":1},{\"Key\":\"9801B8FF50780800789BF2FF\",\"Value\":1},{\"Key\":\"2F1CBBFF807208005F3EF2FF\",\"Value\":2},{\"Key\":\"1654BBFF537808008566F2FF\",\"Value\":3},{\"Key\":\"D334BBFFE27108009A76F2FF\",\"Value\":1},{\"Key\":\"565ABBFFFD750800E680F2FF\",\"Value\":1},{\"Key\":\"7A43BBFFF37708000943F2FF\",\"Value\":1},{\"Key\":\"16D5BAFF447F080002B6F1FF\",\"Value\":1},{\"Key\":\"A397BAFFAD7B08001B81F1FF\",\"Value\":1},{\"Key\":\"1DD0BAFF8D7108008A2BF2FF\",\"Value\":1},{\"Key\":\"CDC5BAFFB6710800AD1AF2FF\",\"Value\":1},{\"Key\":\"EB98BAFFD3830800324FF1FF\",\"Value\":1},{\"Key\":\"47BCBAFF9A710800F535F2FF\",\"Value\":1},{\"Key\":\"A18BBAFFD67A0800E188F1FF\",\"Value\":1},{\"Key\":\"CDB9BAFF3A7208001508F2FF\",\"Value\":1},{\"Key\":\"DDBCBAFFEF710800011BF2FF\",\"Value\":1},{\"Key\":\"31AFBAFFFA7108005446F2FF\",\"Value\":1},{\"Key\":\"EB94BAFF8E750800AD18F2FF\",\"Value\":1},{\"Key\":\"3918BAFFFE6B0800F0BDF2FF\",\"Value\":1},{\"Key\":\"EA88BAFF49780800DFD6F1FF\",\"Value\":1},{\"Key\":\"FA6DBAFFFF7A080023E7F1FF\",\"Value\":1},{\"Key\":\"C06DBAFFC37B0800C4D4F1FF\",\"Value\":1},{\"Key\":\"2170BAFF097C080087BEF1FF\",\"Value\":1},{\"Key\":\"8870BAFFF17E0800B568F1FF\",\"Value\":1},{\"Key\":\"48CDBAFF34A20800504EF1FF\",\"Value\":1},{\"Key\":\"23C8BAFF62A208002A43F1FF\",\"Value\":1},{\"Key\":\"D686BAFF58790800FBB0F1FF\",\"Value\":1},{\"Key\":\"3C5EB9FF9384080031ECF0FF\",\"Value\":1},{\"Key\":\"124AB9FFE9820800F5F9F0FF\",\"Value\":1},{\"Key\":\"327CBAFF21780800C81AF2FF\",\"Value\":3},{\"Key\":\"8C6EBAFFBB790800CF12F2FF\",\"Value\":1},{\"Key\":\"673DB9FF2E780800BF57F1FF\",\"Value\":1},{\"Key\":\"E224B9FF6E760800CF57F1FF\",\"Value\":1},{\"Key\":\"FA3EB9FF757B08008142F1FF\",\"Value\":1},{\"Key\":\"AE46B9FFB1810800691DF1FF\",\"Value\":1},{\"Key\":\"DE31B9FF498008005D1FF1FF\",\"Value\":1},{\"Key\":\"8F2AB9FFC3800800F304F1FF\",\"Value\":1},{\"Key\":\"A44BB9FFAB8208005508F1FF\",\"Value\":1},{\"Key\":\"3B3DB9FFEE81080072DBF0FF\",\"Value\":1},{\"Key\":\"D92EB9FF64810800E6E2F0FF\",\"Value\":1},{\"Key\":\"B86EB9FF88850800080FF1FF\",\"Value\":1},{\"Key\":\"6E72B9FF96860800DEFAF0FF\",\"Value\":1},{\"Key\":\"2C7DB9FFA0850800B321F1FF\",\"Value\":1},{\"Key\":\"9B87B9FFDB860800AD21F1FF\",\"Value\":1},{\"Key\":\"D9B9B9FF8193080084D3F0FF\",\"Value\":2},{\"Key\":\"AFFBB9FF4D9308005415F1FF\",\"Value\":1},{\"Key\":\"A726BAFFFC93080052F3F0FF\",\"Value\":1},{\"Key\":\"3BDFB9FFAD8F08009128F1FF\",\"Value\":1},{\"Key\":\"99D9B9FF839208008111F1FF\",\"Value\":1},{\"Key\":\"64D7B9FF4E9308003D09F1FF\",\"Value\":1},{\"Key\":\"36CBB9FF198D0800982FF1FF\",\"Value\":1},{\"Key\":\"DCBAB9FFBE880800B343F1FF\",\"Value\":1},{\"Key\":\"D3C1B9FF678F0800B017F1FF\",\"Value\":1},{\"Key\":\"BDB9B9FFE58E0800DD13F1FF\",\"Value\":1},{\"Key\":\"89A1B9FF178A0800A71FF1FF\",\"Value\":1},{\"Key\":\"CDB0B9FF8B8F0800C6FFF0FF\",\"Value\":1},{\"Key\":\"8CADB9FF4790080072EFF0FF\",\"Value\":1},{\"Key\":\"099EB9FF918C080083FFF0FF\",\"Value\":1},{\"Key\":\"2088B9FFC68808003908F1FF\",\"Value\":1},{\"Key\":\"F286B9FF5D890800ACF2F0FF\",\"Value\":1},{\"Key\":\"7990B9FF91850800FC35F1FF\",\"Value\":1},{\"Key\":\"55A1B9FFAD850800C142F1FF\",\"Value\":1},{\"Key\":\"8076B9FF0E7F0800514EF1FF\",\"Value\":1},{\"Key\":\"C262B9FFED790800B761F1FF\",\"Value\":1},{\"Key\":\"8F63B9FF92780800657AF1FF\",\"Value\":1},{\"Key\":\"6725B9FFB9760800708AF1FF\",\"Value\":1},{\"Key\":\"6471B9FF218208005C37F1FF\",\"Value\":3},{\"Key\":\"3526B9FFBC8008005CEFF0FF\",\"Value\":1},{\"Key\":\"90DDB9FF7E8B08005143F1FF\",\"Value\":3},{\"Key\":\"FBE9B9FF9D8D0800C039F1FF\",\"Value\":3},{\"Key\":\"1CFBB9FFD48A0800F44FF1FF\",\"Value\":1},{\"Key\":\"B10EBAFFD08B08004243F1FF\",\"Value\":3},{\"Key\":\"9529BAFFC38A08006C3CF1FF\",\"Value\":1},{\"Key\":\"6235BAFFC78808009343F1FF\",\"Value\":1},{\"Key\":\"7626BAFF02870800C569F1FF\",\"Value\":1},{\"Key\":\"963EBAFF088408004075F1FF\",\"Value\":3},{\"Key\":\"7D47BAFFD3830800B862F1FF\",\"Value\":1},{\"Key\":\"6D21BAFF458608005A78F1FF\",\"Value\":1},{\"Key\":\"7836BAFFA2820800A3A1F1FF\",\"Value\":1},{\"Key\":\"ED65BAFF797D08003BA5F1FF\",\"Value\":1},{\"Key\":\"5BA9B7FF887A0800F784F2FF\",\"Value\":3},{\"Key\":\"FDA1B7FF747A08000C9AF2FF\",\"Value\":1},{\"Key\":\"D699B7FF887A0800177EF2FF\",\"Value\":1},{\"Key\":\"F8B6B7FF477A08004692F2FF\",\"Value\":3},{\"Key\":\"93BFB7FF4A7A0800C091F2FF\",\"Value\":3},{\"Key\":\"07C8B7FF757908001BA3F2FF\",\"Value\":3},{\"Key\":\"FFD2B7FF1C7908005EA4F2FF\",\"Value\":3},{\"Key\":\"5D84B7FF367A080050A3F2FF\",\"Value\":2},{\"Key\":\"3AEBB7FF3B78080012A2F2FF\",\"Value\":3},{\"Key\":\"83D2B7FFCB76080056BEF2FF\",\"Value\":3},{\"Key\":\"AADAB7FFC4790800C08FF2FF\",\"Value\":1},{\"Key\":\"71EFB7FFC7790800F285F2FF\",\"Value\":1},{\"Key\":\"284BBAFFC68108006E86F1FF\",\"Value\":1}],\"SerializedName\":\"WorldObjectLocatorManager\",\"UniqueFile\":true}"}}