{"Version":"0.0.0","Data":{"WorldItemManager":"{\"Version\":\"0.0.0\",\"WorldItemStates\":[{\"ObjectNameId\":\"\",\"ItemId\":590,\"Position\":{\"x\":1549.77966,\"y\":138.415,\"z\":-278.405579},\"Rotation\":{\"x\":0.3454943,\"y\":118.832779,\"z\":3.14218426},\"Unnamed\":true},{\"ObjectNameId\":\"\",\"ItemId\":590,\"Position\":{\"x\":1187.866,\"y\":128.795,\"z\":806.264},\"Rotation\":{\"x\":6.956867,\"y\":91.84704,\"z\":4.64985466},\"Unnamed\":true},{\"ObjectNameId\":\"\",\"ItemId\":590,\"Position\":{\"x\":-708.306,\"y\":102.403671,\"z\":-1435.41},\"Rotation\":{\"x\":15.1195459,\"y\":47.5590363,\"z\":342.9697},\"Unnamed\":true},{\"ObjectNameId\":\"\",\"ItemId\":590,\"Position\":{\"x\":1519.72,\"y\":98.015,\"z\":1485.77},\"Rotation\":{\"x\":2.93658853,\"y\":10.4949465,\"z\":2.90223646},\"Unnamed\":true},{\"ObjectNameId\":\"World.GolfCart.01\",\"Position\":{\"x\":735.561462,\"y\":92.11,\"z\":1492.85645},\"Rotation\":{\"y\":59.3326035}},{\"ObjectNameId\":\"World.GolfCart.02\",\"Position\":{\"x\":1030.9928,\"y\":83.629,\"z\":1523.309},\"Rotation\":{\"y\":310.235138}},{\"ObjectNameId\":\"World.GolfCart.03\",\"Position\":{\"x\":1582.8606,\"y\":98.373,\"z\":1340.59045},\"Rotation\":{\"y\":146.876465}},{\"ObjectNameId\":\"World.GolfCart.04\",\"Position\":{\"x\":1014.11,\"y\":140.11,\"z\":1223.06},\"Rotation\":{\"y\":146.876465}},{\"ObjectNameId\":\"World.GolfCart.05\",\"Position\":{\"x\":1903.9,\"y\":15.253,\"z\":461.64},\"Rotation\":{\"y\":146.876465}},{\"ObjectNameId\":\"World.GolfCart.06\",\"Position\":{\"x\":1839.567,\"y\":15.09,\"z\":355.608978},\"Rotation\":{\"y\":97.15335}},{\"ObjectNameId\":\"World.GolfCart.07\",\"Position\":{\"x\":1707.07,\"y\":45.61,\"z\":561.72},\"Rotation\":{\"x\":356.325043,\"y\":229.34375,\"z\":1.9684552}},{\"ObjectNameId\":\"World.GolfCart.08\",\"Position\":{\"x\":897.75,\"y\":154.85,\"z\":927.72},\"Rotation\":{\"x\":1.01497149,\"y\":72.85578,\"z\":3.286398}},{\"ObjectNameId\":\"World.GolfCart.09\",\"Position\":{\"x\":1184.64734,\"y\":130.15,\"z\":800.166},\"Rotation\":{\"y\":304.951}},{\"ObjectNameId\":\"World.GolfCart.10\",\"Position\":{\"x\":-1607.9,\"y\":67.324,\"z\":-1160.15},\"Rotation\":{\"y\":219.315521}},{\"ObjectNameId\":\"World.GolfCart.11\",\"Position\":{\"x\":-928.487061,\"y\":251.064,\"z\":-995.3917},\"Rotation\":{\"y\":185.738235}},{\"ObjectNameId\":\"World.GolfCart.12\",\"Position\":{\"x\":-891.3007,\"y\":251.091,\"z\":-918.248535},\"Rotation\":{\"y\":229.305862}},{\"ObjectNameId\":\"World.GolfCart.13\",\"Position\":{\"x\":1044.47864,\"y\":16.305,\"z\":1825.028},\"Rotation\":{\"x\":7.10553932}},{\"ObjectNameId\":\"World.GolfCart.14\",\"Position\":{\"x\":171.947128,\"y\":28.493,\"z\":-1769.59753},\"Rotation\":{\"x\":359.862122,\"y\":137.514755,\"z\":357.236084}},{\"ObjectNameId\":\"World.GolfCart.15\",\"Position\":{\"x\":1269.28979,\"y\":237.698,\"z\":-612.329163},\"Rotation\":{\"x\":0.410387546,\"y\":171.756821,\"z\":359.991516}},{\"ObjectNameId\":\"World.GolfCart.16\",\"Position\":{\"x\":722.879639,\"y\":89.07212,\"z\":1682.75574},\"Rotation\":{\"x\":5.28792429,\"y\":38.0067444,\"z\":355.256653}},{\"ObjectNameId\":\"World.GolfCart.17\",\"Position\":{\"x\":715.53,\"y\":84.0,\"z\":1404.13},\"Rotation\":{\"x\":0.410387665,\"y\":24.0834351,\"z\":359.991516}},{\"ObjectNameId\":\"World.GolfCart.18\",\"Position\":{\"x\":930.87,\"y\":96.16,\"z\":1294.86},\"Rotation\":{\"x\":0.410387784,\"y\":283.935852,\"z\":359.991516}},{\"ObjectNameId\":\"World.GolfCart.19\",\"Position\":{\"x\":321.2,\"y\":524.2,\"z\":-206.13},\"Rotation\":{\"x\":0.410387784,\"y\":283.935852,\"z\":359.991516}},{\"ObjectNameId\":\"World.GolfCart.20\",\"Position\":{\"x\":328.4814,\"y\":524.2,\"z\":-203.086716},\"Rotation\":{\"x\":0.4103877,\"y\":212.535141,\"z\":359.991516}},{\"ObjectNameId\":\"World.GolfCart.21\",\"Position\":{\"x\":664.294,\"y\":421.063,\"z\":531.001},\"Rotation\":{\"x\":359.598846,\"y\":92.8904,\"z\":0.08696169}},{\"ObjectNameId\":\"World.GolfCart.23\",\"Position\":{\"x\":385.599,\"y\":443.785,\"z\":-657.816},\"Rotation\":{\"x\":359.811981,\"y\":42.38057,\"z\":0.36489}},{\"ObjectNameId\":\"World.GolfCart.24\",\"Position\":{\"x\":-477.04,\"y\":86.256,\"z\":721.716248},\"Rotation\":{\"x\":352.926331,\"y\":337.78064,\"z\":2.87974072}},{\"ObjectNameId\":\"World.GolfCart.25\",\"Position\":{\"x\":-672.094,\"y\":50.222,\"z\":1152.958},\"Rotation\":{\"y\":46.2629852}},{\"ObjectNameId\":\"World.GolfCart.26\",\"Position\":{\"x\":-984.745,\"y\":93.063,\"z\":115.264},\"Rotation\":{\"x\":6.11042929,\"y\":241.838318,\"z\":349.324158}},{\"ObjectNameId\":\"World.GolfCart.27\",\"Position\":{\"x\":2.463,\"y\":82.778,\"z\":1236.282},\"Rotation\":{\"x\":359.648254,\"y\":82.8643,\"z\":0.7333647}},{\"ObjectNameId\":\"World.GolfCart.28\",\"Position\":{\"x\":-284.436,\"y\":156.026,\"z\":740.797},\"Rotation\":{\"x\":359.648254,\"y\":82.8643,\"z\":0.7333647}},{\"ObjectNameId\":\"World.GolfCart.29\",\"Position\":{\"x\":577.92,\"y\":147.13,\"z\":1082.82},\"Rotation\":{\"x\":4.145351,\"y\":72.4333038,\"z\":1.06938589}},{\"ObjectNameId\":\"World.GolfCart.30\",\"Position\":{\"x\":1166.989,\"y\":245.099,\"z\":-494.032},\"Rotation\":{\"x\":0.4769757,\"y\":14.955411,\"z\":-0.00131030788}},{\"ObjectNameId\":\"World.GolfCart.31\",\"Position\":{\"x\":1171.198,\"y\":245.084,\"z\":-508.835},\"Rotation\":{\"x\":359.724976,\"y\":282.3541,\"z\":358.6098}},{\"ObjectNameId\":\"World.HangGlider.01\",\"ItemId\":626,\"Position\":{\"x\":-504.4314,\"y\":322.9,\"z\":-307.391937},\"Rotation\":{\"x\":348.309,\"y\":323.544159,\"z\":14.5050135}},{\"ObjectNameId\":\"World.HangGlider.02\",\"ItemId\":626,\"Position\":{\"x\":-129.602,\"y\":409.213,\"z\":-1028.051},\"Rotation\":{\"x\":351.389984,\"y\":329.3657,\"z\":0.138631791}},{\"ObjectNameId\":\"World.HangGlider.03\",\"ItemId\":626,\"Position\":{\"x\":499.2,\"y\":557.097,\"z\":-230.5547},\"Rotation\":{\"x\":355.0499,\"y\":32.1509933,\"z\":359.1404}},{\"ObjectNameId\":\"World.HangGlider.04\",\"ItemId\":626,\"Position\":{\"x\":-1184.115,\"y\":222.064,\"z\":-1728.872},\"Rotation\":{\"x\":343.985382,\"y\":201.6662,\"z\":1.7791419}},{\"ObjectNameId\":\"World.HangGlider.05\",\"ItemId\":626,\"Position\":{\"x\":730.21,\"y\":369.44,\"z\":737.53},\"Rotation\":{\"x\":352.072418,\"y\":76.0602,\"z\":10.1163607}},{\"ObjectNameId\":\"World.HangGlider.06\",\"ItemId\":626,\"Position\":{\"x\":1083.83,\"y\":276.25,\"z\":-108.44},\"Rotation\":{\"x\":350.967682,\"y\":55.8634224,\"z\":358.586273}},{\"ObjectNameId\":\"World.HangGlider.07\",\"ItemId\":626,\"Position\":{\"x\":797.919,\"y\":227.604,\"z\":974.662},\"Rotation\":{\"x\":348.581268,\"y\":85.60433,\"z\":0.338460147}},{\"ObjectNameId\":\"World.HangGlider.08\",\"ItemId\":626,\"Position\":{\"x\":-30.42196,\"y\":250.851,\"z\":665.780762},\"Rotation\":{\"x\":349.07724,\"y\":29.4347,\"z\":359.718079}},{\"ObjectNameId\":\"World.HangGlider.09\",\"ItemId\":626,\"Position\":{\"x\":1297.427,\"y\":193.902,\"z\":-30.833},\"Rotation\":{\"x\":343.768463,\"y\":97.55601,\"z\":358.8292}},{\"ObjectNameId\":\"World.HangGlider.10\",\"ItemId\":626,\"Position\":{\"x\":789.7307,\"y\":400.973053,\"z\":273.9027},\"Rotation\":{\"x\":347.482727,\"y\":134.715927,\"z\":6.64512062}},{\"ObjectNameId\":\"World.HangGlider.11\",\"ItemId\":626,\"Position\":{\"x\":-1772.019,\"y\":83.742,\"z\":1171.201},\"Rotation\":{\"x\":343.949432,\"y\":260.051025,\"z\":358.352417}},{\"ObjectNameId\":\"World.HangGlider.12\",\"ItemId\":626,\"Position\":{\"x\":-1297.05,\"y\":79.94,\"z\":1740.64},\"Rotation\":{\"x\":351.4062,\"y\":52.2687378,\"z\":2.82513452}},{\"ObjectNameId\":\"World.HangGlider.13\",\"ItemId\":626,\"Position\":{\"x\":-799.537,\"y\":189.46,\"z\":-281.768},\"Rotation\":{\"x\":346.713776,\"y\":326.310059,\"z\":358.165375}},{\"ObjectNameId\":\"World.HangGlider.14\",\"ItemId\":626,\"Position\":{\"x\":845.957,\"y\":208.618,\"z\":1105.196},\"Rotation\":{\"x\":346.472382,\"y\":357.72287,\"z\":357.372742}},{\"ObjectNameId\":\"World.HangGlider.15\",\"ItemId\":626,\"Position\":{\"x\":299.62,\"y\":424.83,\"z\":-973.85},\"Rotation\":{\"x\":340.809021,\"y\":111.135727,\"z\":1.38758492}},{\"ObjectNameId\":\"World.HangGlider.16\",\"ItemId\":626,\"Position\":{\"x\":408.771,\"y\":404.545,\"z\":611.245},\"Rotation\":{\"x\":354.255676,\"y\":17.3717937,\"z\":358.3483}},{\"ObjectNameId\":\"World.HangGlider.17\",\"ItemId\":626,\"Position\":{\"x\":413.76,\"y\":141.39,\"z\":1078.72},\"Rotation\":{\"x\":341.3796,\"y\":346.3183,\"z\":358.759583}},{\"ObjectNameId\":\"World.HangGlider.18\",\"ItemId\":626,\"Position\":{\"x\":-1438.968,\"y\":230.311,\"z\":-1124.439},\"Rotation\":{\"x\":352.443146,\"y\":275.240723,\"z\":0.7870886}},{\"ObjectNameId\":\"World.HangGlider.19\",\"ItemId\":626,\"Position\":{\"x\":247.743,\"y\":102.447,\"z\":1087.013},\"Rotation\":{\"x\":345.982452,\"y\":64.1192856,\"z\":1.88516533}},{\"ObjectNameId\":\"World.HangGlider.20\",\"ItemId\":626,\"Position\":{\"x\":56.173,\"y\":230.577,\"z\":-1561.909},\"Rotation\":{\"x\":356.160583,\"y\":174.8172,\"z\":358.455231}},{\"ObjectNameId\":\"World.HangGlider.21\",\"ItemId\":626,\"Position\":{\"x\":1259.93,\"y\":246.207,\"z\":-298.683},\"Rotation\":{\"x\":0.530085742,\"y\":122.454353,\"z\":359.37915}},{\"ObjectNameId\":\"World.HangGlider.22\",\"ItemId\":626,\"Position\":{\"x\":746.307,\"y\":464.81,\"z\":350.594},\"Rotation\":{\"x\":7.51800728,\"y\":107.1446,\"z\":9.459678}},{\"ObjectNameId\":\"World.KnightV.01\",\"ItemId\":630,\"Position\":{\"x\":-965.905,\"y\":272.927,\"z\":-783.445},\"Rotation\":{\"x\":359.526184,\"y\":297.6641,\"z\":310.8762}},{\"ObjectNameId\":\"World.KnightV.02\",\"ItemId\":630,\"Position\":{\"x\":1750.97,\"y\":34.09,\"z\":805.73},\"Rotation\":{\"x\":1.4592706,\"y\":74.8456955,\"z\":299.778442}},{\"ObjectNameId\":\"World.KnightV.03\",\"ItemId\":630,\"Position\":{\"x\":-238.128,\"y\":97.089,\"z\":950.960266},\"Rotation\":{\"x\":356.628723,\"y\":69.52765,\"z\":37.52209}},{\"ObjectNameId\":\"World.KnightV.04\",\"ItemId\":630,\"Position\":{\"x\":-1031.791,\"y\":226.86,\"z\":-625.11},\"Rotation\":{\"x\":351.3573,\"y\":158.840546,\"z\":335.1593}},{\"ObjectNameId\":\"World.KnightV.05\",\"ItemId\":630,\"Position\":{\"x\":1285.29871,\"y\":228.157,\"z\":-725.347},\"Rotation\":{\"x\":354.536316,\"y\":258.733917,\"z\":33.54773}},{\"ObjectNameId\":\"World.KnightV.06\",\"ItemId\":630,\"Position\":{\"x\":1106.58667,\"y\":87.5037155,\"z\":1622.528},\"Rotation\":{\"x\":353.512939,\"y\":186.727982,\"z\":59.38967}},{\"ObjectNameId\":\"World.KnightV.07\",\"ItemId\":630,\"Position\":{\"x\":1454.986,\"y\":192.25,\"z\":-417.372},\"Rotation\":{\"x\":355.17334,\"y\":306.921173,\"z\":323.681152}},{\"ObjectNameId\":\"World.KnightV.08\",\"ItemId\":630,\"Position\":{\"x\":-485.31,\"y\":128.368,\"z\":486.94},\"Rotation\":{\"x\":0.08705421,\"y\":213.052643,\"z\":54.72652}},{\"ObjectNameId\":\"World.KnightV.09\",\"ItemId\":630,\"Position\":{\"x\":-1177.635,\"y\":227.554,\"z\":-1697.917},\"Rotation\":{\"x\":0.430921555,\"y\":210.561981,\"z\":312.084717}},{\"ObjectNameId\":\"World.KnightV.10\",\"ItemId\":630,\"Position\":{\"x\":-973.578,\"y\":272.885,\"z\":-783.283},\"Rotation\":{\"x\":359.134064,\"y\":148.511169,\"z\":308.603241}},{\"ObjectNameId\":\"World.KnightV.11\",\"ItemId\":630,\"Position\":{\"x\":-472.11,\"y\":72.812,\"z\":-1643.805},\"Rotation\":{\"x\":358.67215,\"y\":271.981628,\"z\":324.2724}},{\"ObjectNameId\":\"World.KnightV.12\",\"ItemId\":630,\"Position\":{\"x\":-973.578,\"y\":272.885,\"z\":-783.283},\"Rotation\":{\"x\":359.134064,\"y\":148.511169,\"z\":308.603241}},{\"ObjectNameId\":\"World.KnightV.13\",\"ItemId\":630,\"Position\":{\"x\":-1132.82556,\"y\":278.821,\"z\":-1086.89417},\"Rotation\":{\"x\":356.135834,\"y\":114.3761,\"z\":40.2333832}}]}"}}