{"Version":"0.0.0","Data":{"FreeFormFreeLinksManager":"{\"_supportingStructuresData\":[{\"Structure\":{\"_typeId\":5,\"_instanceId\":7},\"List\":[{\"_typeId\":42,\"_instanceId\":1},{\"_typeId\":42,\"_instanceId\":2}]},{\"Structure\":{\"_typeId\":2,\"_instanceId\":282},\"List\":[{\"_typeId\":41,\"_instanceId\":2}]},{\"Structure\":{\"_typeId\":42,\"_instanceId\":2},\"List\":[{\"_typeId\":41,\"_instanceId\":2}]},{\"Structure\":{\"_typeId\":43,\"_instanceId\":3},\"List\":[{\"_typeId\":41,\"_instanceId\":27}]},{\"Structure\":{\"_typeId\":3,\"_instanceId\":342},\"List\":[{\"_typeId\":41,\"_instanceId\":27}]},{\"Structure\":{\"_typeId\":4,\"_instanceId\":40},\"List\":[{\"_typeId\":42,\"_instanceId\":4},{\"_typeId\":42,\"_instanceId\":5},{\"_typeId\":42,\"_instanceId\":3}]},{\"Structure\":{\"_typeId\":42,\"_instanceId\":5},\"List\":[{\"_typeId\":41,\"_instanceId\":9},{\"_typeId\":41,\"_instanceId\":10}]},{\"Structure\":{\"_typeId\":3,\"_instanceId\":359},\"List\":[{\"_typeId\":41,\"_instanceId\":9},{\"_typeId\":41,\"_instanceId\":13}]},{\"Structure\":{\"_typeId\":3,\"_instanceId\":381},\"List\":[{\"_typeId\":41,\"_instanceId\":10},{\"_typeId\":41,\"_instanceId\":11},{\"_typeId\":41,\"_instanceId\":13}]},{\"Structure\":{\"_typeId\":42,\"_instanceId\":4},\"List\":[{\"_typeId\":41,\"_instanceId\":11}]},{\"Structure\":{\"_typeId\":3,\"_instanceId\":358},\"List\":[{\"_typeId\":41,\"_instanceId\":16}]},{\"Structure\":{\"_typeId\":2,\"_instanceId\":291},\"List\":[{\"_typeId\":41,\"_instanceId\":16}]}],\"_supportedByStructuresData\":[{\"Structure\":{\"_typeId\":42,\"_instanceId\":1},\"List\":[{\"_typeId\":5,\"_instanceId\":7}]},{\"Structure\":{\"_typeId\":42,\"_instanceId\":2},\"List\":[{\"_typeId\":5,\"_instanceId\":7}]},{\"Structure\":{\"_typeId\":41,\"_instanceId\":2},\"List\":[{\"_typeId\":42,\"_instanceId\":2},{\"_typeId\":2,\"_instanceId\":282}]},{\"Structure\":{\"_typeId\":41,\"_instanceId\":27},\"List\":[{\"_typeId\":3,\"_instanceId\":342},{\"_typeId\":43,\"_instanceId\":3}]},{\"Structure\":{\"_typeId\":42,\"_instanceId\":5},\"List\":[{\"_typeId\":4,\"_instanceId\":40}]},{\"Structure\":{\"_typeId\":42,\"_instanceId\":3},\"List\":[{\"_typeId\":4,\"_instanceId\":40}]},{\"Structure\":{\"_typeId\":42,\"_instanceId\":4},\"List\":[{\"_typeId\":4,\"_instanceId\":40}]},{\"Structure\":{\"_typeId\":41,\"_instanceId\":9},\"List\":[{\"_typeId\":42,\"_instanceId\":5},{\"_typeId\":3,\"_instanceId\":359}]},{\"Structure\":{\"_typeId\":41,\"_instanceId\":10},\"List\":[{\"_typeId\":42,\"_instanceId\":5},{\"_typeId\":3,\"_instanceId\":381}]},{\"Structure\":{\"_typeId\":41,\"_instanceId\":11},\"List\":[{\"_typeId\":42,\"_instanceId\":4},{\"_typeId\":3,\"_instanceId\":381}]},{\"Structure\":{\"_typeId\":41,\"_instanceId\":13},\"List\":[{\"_typeId\":3,\"_instanceId\":381},{\"_typeId\":3,\"_instanceId\":359}]},{\"Structure\":{\"_typeId\":41,\"_instanceId\":16},\"List\":[{\"_typeId\":3,\"_instanceId\":358},{\"_typeId\":2,\"_instanceId\":291}]}]}"}}