{"Version":"0.0.0","Data":{"FreeFormTreeStructures":"{\"Version\":\"0.0.1\",\"_treeStructureData\":[{\"_locatorId\":\"6E69D6FFB1C5020090DF4800\"},{\"_locatorId\":\"6E69D6FFB1C5020090DF4800\"},{\"_locatorId\":\"6E69D6FFB1C5020090DF4800\"},{\"_locatorId\":\"6E69D6FFB1C5020090DF4800\"},{\"_locatorId\":\"6E69D6FFB1C5020090DF4800\"},{\"_locatorId\":\"EB90DCFF9F13020017434E00\"},{\"_locatorId\":\"EB90DCFF9F13020017434E00\"},{\"_locatorId\":\"EB90DCFF9F13020017434E00\"},{\"_locatorId\":\"EB90DCFF9F13020017434E00\"}]}"}}