{"Version":"0.0.0","Data":{"GameSetup":"{\"_settings\":[{\"Name\":\"Mode\",\"SettingType\":3,\"StringValue\":\"Hard\"},{\"Name\":\"UID\",\"SettingType\":3,\"StringValue\":\"4ae57515849b426ebaa8b0afab85762d\"},{\"Name\":\"GameSetting.Vail.EnemySpawn\",\"BoolValue\":true},{\"Name\":\"GameSetting.Vail.EnemyAggression\",\"SettingType\":3,\"StringValue\":\"High\"},{\"Name\":\"GameSetting.Vail.EnemyArmour\",\"SettingType\":3,\"StringValue\":\"High\"},{\"Name\":\"GameSetting.Vail.EnemyDamage\",\"SettingType\":3,\"StringValue\":\"High\"},{\"Name\":\"GameSetting.Vail.EnemyHealth\",\"SettingType\":3,\"StringValue\":\"High\"},{\"Name\":\"GameSetting.Vail.AnimalSpawnRate\",\"SettingType\":3,\"StringValue\":\"LOW\"}],\"name\":\"\"}"}}