{"Version":"0.0.0","Data":{"GameState":"{\"Version\":\"1.0.0\",\"GameName\":\"Hard 6 Days 16:55:11\",\"SaveTime\":\"2024-03-02T09:13:30.2464542+01:00\",\"GameType\":\"Hard\",\"GameId\":\"445d1329-38cf-45c0-a847-464bce975e3a\",\"GameDays\":17,\"GameHours\":13,\"GameMinutes\":7,\"GameSeconds\":4,\"GameMilliseconds\":663,\"CrashSite\":\"tree\",\"NamedIntDatas\":[{\"SaveObjectNameId\":\"Endgame.StayedOnIsland\"},{\"SaveObjectNameId\":\"Endgame.CoreGameCompleted\"},{\"SaveObjectNameId\":\"LuxuryBunker.HellDoorCaveEntrance\"},{\"SaveObjectNameId\":\"SonsStorySpots.WoodenCrateItems.AZZ\"},{\"SaveObjectNameId\":\"SonsStorySpots.WoodenCrateItems.BBN\"},{\"SaveObjectNameId\":\"SonsStorySpots.WoodenCrateItems.BAD\"},{\"SaveObjectNameId\":\"SonsStorySpots.WoodenCrateItems.BBP\"},{\"SaveObjectNameId\":\"SonsStorySpots.WoodenCrateItems.BBO\"},{\"SaveObjectNameId\":\"SonsStorySpots.WoodenCrateItems.BBL\"},{\"SaveObjectNameId\":\"SonsStorySpots.WoodenCrateItems.BAB\"},{\"SaveObjectNameId\":\"SonsStorySpots.WoodenCrateItems.BBY\"},{\"SaveObjectNameId\":\"TacticalGpsLocator.002\"},{\"SaveObjectNameId\":\"TacticalGpsLocator.005\"},{\"SaveObjectNameId\":\"TacticalGpsLocator.000\"},{\"SaveObjectNameId\":\"TacticalGpsLocator.003\"},{\"SaveObjectNameId\":\"TacticalGpsLocator.001\"},{\"SaveObjectNameId\":\"TacticalGpsLocator.004\"},{\"SaveObjectNameId\":\"SonsStorySpots.WoodenCrateItems.BBF\"},{\"SaveObjectNameId\":\"SonsStorySpots.WoodenCrateItems.BAC\"},{\"SaveObjectNameId\":\"SonsStorySpots.SuitcaseItems.AUH\"},{\"SaveObjectNameId\":\"SonsStorySpots.WoodenCrateItems.BBQ\"},{\"SaveObjectNameId\":\"WorkerGpsLocator.000\"},{\"SaveObjectNameId\":\"WorkerGpsLocator.002\"},{\"SaveObjectNameId\":\"WorkerGpsLocator.001\"},{\"SaveObjectNameId\":\"WorkerGpsLocator.005\"},{\"SaveObjectNameId\":\"WorkerGpsLocator.003\"},{\"SaveObjectNameId\":\"WorkerGpsLocator.006\",\"SaveValue\":1},{\"SaveObjectNameId\":\"WorkerGpsLocator.004\"},{\"SaveObjectNameId\":\"SonsStorySpots.SuitcaseItems.AUG\"},{\"SaveObjectNameId\":\"SonsStorySpots.WoodenCrateItems.BBG\"},{\"SaveObjectNameId\":\"SonsStorySpots.WoodenCrateItems.BBR\"},{\"SaveObjectNameId\":\"LightningPOI.001\"},{\"SaveObjectNameId\":\"LightningPOI.005\"},{\"SaveObjectNameId\":\"LightningPOI.002\"},{\"SaveObjectNameId\":\"LightningPOI.003\"},{\"SaveObjectNameId\":\"LightningPOI.006\"},{\"SaveObjectNameId\":\"LightningPOI.004\"},{\"SaveObjectNameId\":\"SonsStorySpots.BasicStorageCrateItems.AGQ\"},{\"SaveObjectNameId\":\"SonsStorySpots.BasicStorageCrateItems.AJF\"},{\"SaveObjectNameId\":\"BuriedTacticalGpsPickedUp\"},{\"SaveObjectNameId\":\"Tactical.GraveA\",\"SaveValue\":1},{\"SaveObjectNameId\":\"RaftTacticalFound\",\"SaveValue\":1},{\"SaveObjectNameId\":\"HangingTacticalFound\",\"SaveValue\":1},{\"SaveObjectNameId\":\"BuriedTacticalFound\"},{\"SaveObjectNameId\":\"HangingTacticalGpsPickedUp\",\"SaveValue\":1},{\"SaveObjectNameId\":\"RaftTacticalGpsPickeUp\",\"SaveValue\":1},{\"SaveObjectNameId\":\"SonsMainCharacterSpawns.WoodenCrateItems.AAA\"},{\"SaveObjectNameId\":\"SonsMainCharacterSpawns.WoodenCrateItems.AAB\"},{\"SaveObjectNameId\":\"EntertainmentBunker.HallwayTimmy\",\"SaveValue\":1},{\"SaveObjectNameId\":\"BunkerA.EntranceHatch\",\"SaveValue\":3},{\"SaveObjectNameId\":\"BunkerB.EntranceHatch\",\"SaveValue\":3},{\"SaveObjectNameId\":\"BunkerC.EntranceHatch\"},{\"SaveObjectNameId\":\"TreeCrashPickups.BasicStorageCrateItems.AAA\",\"SaveValue\":1},{\"SaveObjectNameId\":\"TreeCrashPickups.BasicStorageCrateItems.AAB\",\"SaveValue\":1},{\"SaveObjectNameId\":\"TreeCrashPickups.BasicStorageCrateItems.AAC\",\"SaveValue\":1},{\"SaveObjectNameId\":\"TreeCrashPickups.AmmoCase.AAD\",\"SaveValue\":1},{\"SaveObjectNameId\":\"TreeCrashPickups.AmmoCase.AAE\",\"SaveValue\":1},{\"SaveObjectNameId\":\"TreeCrashPickups.Meds.AAF\",\"SaveValue\":1},{\"SaveObjectNameId\":\"TreeCrashPickups.Meds.AAG\",\"SaveValue\":1},{\"SaveObjectNameId\":\"TreeCrashPickups.GrenadeCase.AAH\",\"SaveValue\":1},{\"SaveObjectNameId\":\"TreeCrashPickups.FlaresCase.AAI\",\"SaveValue\":1},{\"SaveObjectNameId\":\"SonsStorySpots.BasicStorageCrateItems.ADE\",\"SaveValue\":1},{\"SaveObjectNameId\":\"SonsStorySpots.BasicStorageCrateItems.AEE\"},{\"SaveObjectNameId\":\"SonsStorySpots.BasicStorageCrateItems.AKF\",\"SaveValue\":1},{\"SaveObjectNameId\":\"SonsStorySpots.BasicStorageCrateItems.APM\"},{\"SaveObjectNameId\":\"SonsStorySpots.BasicStorageCrateItems.APX\",\"SaveValue\":1},{\"SaveObjectNameId\":\"CaveB.Sluggy\",\"SaveValue\":3},{\"SaveObjectNameId\":\"CaveB.BoardsB\"},{\"SaveObjectNameId\":\"SonsCaveB.WoodenCrateItems.AAB\"},{\"SaveObjectNameId\":\"SonsCaveB.WoodenCrateItems.AAI\"},{\"SaveObjectNameId\":\"SonsCaveB.WoodenCrateItems.AAJ\"},{\"SaveObjectNameId\":\"SonsCaveB.WoodenCrateItems.AAE\"},{\"SaveObjectNameId\":\"SonsCaveB.WoodenCrateItems.AAK\"},{\"SaveObjectNameId\":\"SonsCaveB.WoodenCrateItems.AAH\"},{\"SaveObjectNameId\":\"SonsCaveB.AmmoCase.AAF\",\"SaveValue\":1},{\"SaveObjectNameId\":\"SonsCaveB.AmmoCase.AAC\",\"SaveValue\":1},{\"SaveObjectNameId\":\"SonsCaveB.AmmoCase.AAA\",\"SaveValue\":1},{\"SaveObjectNameId\":\"SonsCaveB.FlaresCase.AAG\",\"SaveValue\":1},{\"SaveObjectNameId\":\"SonsCaveB.FlaresCase.AAD\",\"SaveValue\":1},{\"SaveObjectNameId\":\"CaveB.BoardsA\"},{\"SaveObjectNameId\":\"SonsStorySpots.BasicStorageCrateItems.ABI\"},{\"SaveObjectNameId\":\"SonsStorySpots.BasicStorageCrateItems.AOK\"},{\"SaveObjectNameId\":\"SonsStorySpots.FlaresCase.ANL\"},{\"SaveObjectNameId\":\"SonsStorySpots.BasicStorageCrateItems.AES\"},{\"SaveObjectNameId\":\"SonsStorySpots.BasicStorageCrateItems.AKJ\"},{\"SaveObjectNameId\":\"SonsStorySpots.BasicStorageCrateItems.AFK\"},{\"SaveObjectNameId\":\"SonsStorySpots.BasicStorageCrateItems.AOF\"},{\"SaveObjectNameId\":\"SonsStorySpots.GraveItems.AIY\"},{\"SaveObjectNameId\":\"SonsStorySpots.BasicStorageCrateItems.AAC\"},{\"SaveObjectNameId\":\"SonsStorySpots.BasicStorageCrateItems.AKT\",\"SaveValue\":1},{\"SaveObjectNameId\":\"SonsStorySpots.BasicStorageCrateItems.AOD\",\"SaveValue\":1},{\"SaveObjectNameId\":\"SonsStorySpots.FlaresCase.ALT\",\"SaveValue\":1},{\"SaveObjectNameId\":\"SonsStorySpots.GraveItems.AAQ\"},{\"SaveObjectNameId\":\"SonsStorySpots.GraveItems.AIU\"},{\"SaveObjectNameId\":\"SonsStorySpots.GraveItems.ANJ\"},{\"SaveObjectNameId\":\"SonsStorySpots.WoodenCrateItems.BAZ\",\"SaveValue\":1},{\"SaveObjectNameId\":\"SonsStorySpots.WoodenCrateItems.BBB\",\"SaveValue\":1},{\"SaveObjectNameId\":\"SonsStorySpots.WoodenCrateItems.BBA\",\"SaveValue\":1},{\"SaveObjectNameId\":\"BunkerEntertainment.BasicStorageCrateItems.AAB\",\"SaveValue\":1},{\"SaveObjectNameId\":\"BunkerEntertainment.BasicStorageCrateItems.AAA\",\"SaveValue\":1},{\"SaveObjectNameId\":\"BunkerEntertainment.AmmoCase.AAD\",\"SaveValue\":1},{\"SaveObjectNameId\":\"BunkerEntertainment.Meds.AAC\",\"SaveValue\":1},{\"SaveObjectNameId\":\"EntertainmentBunker.ExitDoor\",\"SaveValue\":3},{\"SaveObjectNameId\":\"EntertainmentBunker.EntranceDoor\",\"SaveValue\":3},{\"SaveObjectNameId\":\"EntertainmentBunker.ComputerRoomDoor\",\"SaveValue\":3},{\"SaveObjectNameId\":\"Tactical.HangingA\",\"SaveValue\":1},{\"SaveObjectNameId\":\"DyingTacticalA.000\",\"SaveValue\":1},{\"SaveObjectNameId\":\"SonsStorySpots.BasicStorageCrateItems.AEK\",\"SaveValue\":1},{\"SaveObjectNameId\":\"SonsStorySpots.BasicStorageCrateItems.AGU\",\"SaveValue\":1},{\"SaveObjectNameId\":\"SonsStorySpots.BasicStorageCrateItems.AMV\",\"SaveValue\":1},{\"SaveObjectNameId\":\"SonsStorySpots.BasicStorageCrateItems.APD\",\"SaveValue\":1},{\"SaveObjectNameId\":\"SonsStorySpots.FlaresCase.AJC\",\"SaveValue\":1},{\"SaveObjectNameId\":\"SonsStorySpots.GrenadeCase.ADL\",\"SaveValue\":1},{\"SaveObjectNameId\":\"SonsStorySpots.WoodenCrateItems.AFG\",\"SaveValue\":1},{\"SaveObjectNameId\":\"SonsStorySpots.WoodenCrateItems.ARI\"},{\"SaveObjectNameId\":\"SonsStorySpots.BasicStorageCrateItems.AGZ\"},{\"SaveObjectNameId\":\"SonsStorySpots.AmmoCase.ALA\"},{\"SaveObjectNameId\":\"SonsStorySpots.BasicStorageCrateItems.ACM\"},{\"SaveObjectNameId\":\"SonsStorySpots.BasicStorageCrateItems.ADX\"},{\"SaveObjectNameId\":\"SonsStorySpots.BasicStorageCrateItems.AQT\"},{\"SaveObjectNameId\":\"SonsStorySpots.Meds.AHV\"},{\"SaveObjectNameId\":\"SonsStorySpots.WoodenCrateItems.AHT\"},{\"SaveObjectNameId\":\"SonsStorySpots.WoodenCrateItems.AMT\"},{\"SaveObjectNameId\":\"SonsStorySpots.BasicStorageCrateItems.AHI\",\"SaveValue\":1},{\"SaveObjectNameId\":\"SonsStorySpots.BasicStorageCrateItems.AMU\",\"SaveValue\":1},{\"SaveObjectNameId\":\"SonsStorySpots.BasicStorageCrateItems.ANN\",\"SaveValue\":1},{\"SaveObjectNameId\":\"SonsStorySpots.GrenadeCase.AHZ\"},{\"SaveObjectNameId\":\"SonsStorySpots.GraveItems.AOX\"},{\"SaveObjectNameId\":\"SonsStorySpots.BasicStorageCrateItems.AUU\"},{\"SaveObjectNameId\":\"SonsStorySpots.BasicStorageCrateItems.AVO\"},{\"SaveObjectNameId\":\"SonsStorySpots.WoodenCrateItems.ALJ\"},{\"SaveObjectNameId\":\"SonsStorySpots.WoodenCrateItems.AOM\"},{\"SaveObjectNameId\":\"SonsStorySpots.WoodenCrateItems.AOS\"},{\"SaveObjectNameId\":\"SonsStorySpots.GraveItems.AOO\"},{\"SaveObjectNameId\":\"SonsStorySpots.AmmoCase.AFL\",\"SaveValue\":1},{\"SaveObjectNameId\":\"SonsStorySpots.BasicStorageCrateItems.AGS\",\"SaveValue\":1},{\"SaveObjectNameId\":\"SonsStorySpots.BasicStorageCrateItems.AKZ\",\"SaveValue\":1},{\"SaveObjectNameId\":\"SonsStorySpots.BasicStorageCrateItems.AQY\",\"SaveValue\":1},{\"SaveObjectNameId\":\"SonsStorySpots.GraveItems.AJP\",\"SaveValue\":1},{\"SaveObjectNameId\":\"SonsStorySpots.GraveItems.AMK\",\"SaveValue\":1},{\"SaveObjectNameId\":\"SonsStorySpots.SuitcaseItems.AJL\",\"SaveValue\":1},{\"SaveObjectNameId\":\"SonsStorySpots.WoodenCrateItems.ACJ\"},{\"SaveObjectNameId\":\"SonsStorySpots.WoodenCrateItems.AGI\",\"SaveValue\":1},{\"SaveObjectNameId\":\"SonsStorySpots.WoodenCrateItems.ANP\",\"SaveValue\":1},{\"SaveObjectNameId\":\"SonsStorySpots.GraveItems.AGW\"},{\"SaveObjectNameId\":\"SonsStorySpots.GraveItems.AGY\"},{\"SaveObjectNameId\":\"SonsStorySpots.GraveItems.AMM\"},{\"SaveObjectNameId\":\"SonsStorySpots.GraveItems.AOA\"},{\"SaveObjectNameId\":\"SonsStorySpots.GraveItems.AOE\"},{\"SaveObjectNameId\":\"SonsStorySpots.BasicStorageCrateItems.ADI\"},{\"SaveObjectNameId\":\"SonsStorySpots.BasicStorageCrateItems.AEN\"},{\"SaveObjectNameId\":\"SonsStorySpots.FlaresCase.ANW\"},{\"SaveObjectNameId\":\"SonsStorySpots.BasicStorageCrateItems.ABF\"},{\"SaveObjectNameId\":\"SonsStorySpots.BasicStorageCrateItems.AMB\"},{\"SaveObjectNameId\":\"SonsStorySpots.BasicStorageCrateItems.AEB\"},{\"SaveObjectNameId\":\"SonsStorySpots.BasicStorageCrateItems.AJG\"},{\"SaveObjectNameId\":\"SonsStorySpots.AmmoCase.ABA\",\"SaveValue\":1},{\"SaveObjectNameId\":\"SonsStorySpots.BasicStorageCrateItems.ARF\",\"SaveValue\":1},{\"SaveObjectNameId\":\"SonsStorySpots.SuitcaseItems.APV\",\"SaveValue\":1},{\"SaveObjectNameId\":\"SonsCaveA.WoodenCrateItems.AAH\",\"SaveValue\":1},{\"SaveObjectNameId\":\"SonsCaveA.WoodenCrateItems.AAE\",\"SaveValue\":1},{\"SaveObjectNameId\":\"SonsCaveA.WoodenCrateItems.AAJ\",\"SaveValue\":1},{\"SaveObjectNameId\":\"SonsCaveA.WoodenCrateItems.AAL\",\"SaveValue\":1},{\"SaveObjectNameId\":\"SonsCaveA.WoodenCrateItems.AAI\",\"SaveValue\":1},{\"SaveObjectNameId\":\"SonsCaveA.WoodenCrateItems.AAF\",\"SaveValue\":1},{\"SaveObjectNameId\":\"SonsCaveA.WoodenCrateItems.AAM\",\"SaveValue\":1},{\"SaveObjectNameId\":\"SonsCaveA.WoodenCrateItems.AAN\",\"SaveValue\":1},{\"SaveObjectNameId\":\"SonsCaveA.WoodenCrateItems.AAG\",\"SaveValue\":1},{\"SaveObjectNameId\":\"SonsCaveA.WoodenCrateItems.AAK\",\"SaveValue\":1},{\"SaveObjectNameId\":\"SonsCaveA.WoodenCrateItems.AAC\",\"SaveValue\":1},{\"SaveObjectNameId\":\"SonsCaveA.WoodenCrateItems.AAO\",\"SaveValue\":1},{\"SaveObjectNameId\":\"SonsCaveA.WoodenCrateItems.AAB\",\"SaveValue\":1},{\"SaveObjectNameId\":\"SonsCaveA.WoodenCrateItems.AAD\",\"SaveValue\":1},{\"SaveObjectNameId\":\"SonsCaveA.FlaresCase.AAA\",\"SaveValue\":1},{\"SaveObjectNameId\":\"CaveA.BoardsA\",\"SaveValue\":1},{\"SaveObjectNameId\":\"CaveA.BoardsB\",\"SaveValue\":1},{\"SaveObjectNameId\":\"SonsStorySpots.BasicStorageCrateItems.AIC\"},{\"SaveObjectNameId\":\"SonsStorySpots.BasicStorageCrateItems.AJV\",\"SaveValue\":1},{\"SaveObjectNameId\":\"SonsStorySpots.BasicStorageCrateItems.APA\",\"SaveValue\":1},{\"SaveObjectNameId\":\"SonsStorySpots.GraveItems.AKG\"},{\"SaveObjectNameId\":\"SonsStorySpots.GraveItems.AQL\"},{\"SaveObjectNameId\":\"SonsStorySpots.WoodenCrateItems.AAR\"},{\"SaveObjectNameId\":\"SonsStorySpots.WoodenCrateItems.AGD\"},{\"SaveObjectNameId\":\"SonsStorySpots.WoodenCrateItems.AIV\"},{\"SaveObjectNameId\":\"SonsStorySpots.WoodenCrateItems.AQW\"},{\"SaveObjectNameId\":\"SonsStorySpots.BasicStorageCrateItems.ANS\"},{\"SaveObjectNameId\":\"DyingTacticalA.005\"},{\"SaveObjectNameId\":\"SonsStorySpots.AmmoCase.ALL\"},{\"SaveObjectNameId\":\"SonsStorySpots.BasicStorageCrateItems.AEX\"},{\"SaveObjectNameId\":\"SonsStorySpots.BasicStorageCrateItems.AFF\"},{\"SaveObjectNameId\":\"SonsStorySpots.FlaresCase.AOU\"},{\"SaveObjectNameId\":\"SonsStorySpots.GrenadeCase.AAS\"},{\"SaveObjectNameId\":\"SonsStorySpots.Meds.AOP\"},{\"SaveObjectNameId\":\"SonsStorySpots.BasicStorageCrateItems.AUN\"},{\"SaveObjectNameId\":\"SonsStorySpots.BasicStorageCrateItems.AUS\"},{\"SaveObjectNameId\":\"SonsStorySpots.FlaresCase.AYU\"},{\"SaveObjectNameId\":\"SonsStorySpots.BasicStorageCrateItems.ABL\",\"SaveValue\":1},{\"SaveObjectNameId\":\"SonsStorySpots.BasicStorageCrateItems.ACF\",\"SaveValue\":1},{\"SaveObjectNameId\":\"SonsStorySpots.BasicStorageCrateItems.AFM\",\"SaveValue\":1},{\"SaveObjectNameId\":\"SonsStorySpots.BasicStorageCrateItems.ARC\",\"SaveValue\":1},{\"SaveObjectNameId\":\"SonsStorySpots.AmmoCase.ARL\",\"SaveValue\":1},{\"SaveObjectNameId\":\"SonsStorySpots.BasicStorageCrateItems.ADU\",\"SaveValue\":1},{\"SaveObjectNameId\":\"SonsStorySpots.BasicStorageCrateItems.AIW\",\"SaveValue\":1},{\"SaveObjectNameId\":\"SonsStorySpots.WoodenCrateItems.AFO\",\"SaveValue\":1},{\"SaveObjectNameId\":\"SonsStorySpots.WoodenCrateItems.AHR\",\"SaveValue\":1},{\"SaveObjectNameId\":\"SonsStorySpots.GraveItems.AMX\"},{\"SaveObjectNameId\":\"SonsStorySpots.GraveItems.AMY\"},{\"SaveObjectNameId\":\"SonsStorySpots.GraveItems.ARJ\"},{\"SaveObjectNameId\":\"SonsStorySpots.BasicStorageCrateItems.AUD\"},{\"SaveObjectNameId\":\"SonsStorySpots.BasicStorageCrateItems.AUE\"},{\"SaveObjectNameId\":\"SonsStorySpots.BasicStorageCrateItems.ADC\"},{\"SaveObjectNameId\":\"SonsCaveC.WoodenCrateItems.AAJ\",\"SaveValue\":1},{\"SaveObjectNameId\":\"SonsCaveC.WoodenCrateItems.AAU\",\"SaveValue\":1},{\"SaveObjectNameId\":\"SonsCaveC.WoodenCrateItems.AAF\",\"SaveValue\":1},{\"SaveObjectNameId\":\"SonsCaveC.WoodenCrateItems.AAM\",\"SaveValue\":1},{\"SaveObjectNameId\":\"SonsCaveC.WoodenCrateItems.AAK\"},{\"SaveObjectNameId\":\"SonsCaveC.GrenadeCase.AAA\",\"SaveValue\":1},{\"SaveObjectNameId\":\"SonsCaveC.GrenadeCase.AAS\",\"SaveValue\":1},{\"SaveObjectNameId\":\"SonsCaveC.GrenadeCase.AAN\",\"SaveValue\":1},{\"SaveObjectNameId\":\"SonsCaveC.GrenadeCase.AAV\",\"SaveValue\":1},{\"SaveObjectNameId\":\"SonsCaveC.GrenadeCase.AAD\",\"SaveValue\":1},{\"SaveObjectNameId\":\"CaveC.Sluggy\",\"SaveValue\":3},{\"SaveObjectNameId\":\"SonsCaveC.AmmoCase.AAH\",\"SaveValue\":1},{\"SaveObjectNameId\":\"SonsCaveC.AmmoCase.AAQ\"},{\"SaveObjectNameId\":\"SonsCaveC.AmmoCase.AAI\",\"SaveValue\":1},{\"SaveObjectNameId\":\"SonsCaveC.AmmoCase.AAT\",\"SaveValue\":1},{\"SaveObjectNameId\":\"SonsCaveC.AmmoCase.AAP\"},{\"SaveObjectNameId\":\"SonsCaveC.AmmoCase.AAL\",\"SaveValue\":1},{\"SaveObjectNameId\":\"SonsCaveC.FlaresCase.AAE\",\"SaveValue\":1},{\"SaveObjectNameId\":\"SonsCaveC.FlaresCase.AAG\"},{\"SaveObjectNameId\":\"SonsCaveC.Meds.AAO\",\"SaveValue\":1},{\"SaveObjectNameId\":\"SonsCaveC.Meds.AAR\",\"SaveValue\":1},{\"SaveObjectNameId\":\"SonsCaveC.Meds.AAC\",\"SaveValue\":1},{\"SaveObjectNameId\":\"SonsCaveC.Meds.AAB\",\"SaveValue\":1},{\"SaveObjectNameId\":\"SonsCaveC.Meds.AAW\",\"SaveValue\":1},{\"SaveObjectNameId\":\"SonsStorySpots.BasicStorageCrateItems.AHA\"},{\"SaveObjectNameId\":\"SonsStorySpots.BasicStorageCrateItems.AJW\"},{\"SaveObjectNameId\":\"SonsStorySpots.WoodenCrateItems.AQU\"},{\"SaveObjectNameId\":\"SonsStorySpots.BasicStorageCrateItems.AFI\"},{\"SaveObjectNameId\":\"Bunker_A.BasicStorageCrateItems.AAA\",\"SaveValue\":1},{\"SaveObjectNameId\":\"Bunker_A.BasicStorageCrateItems.AAB\",\"SaveValue\":1},{\"SaveObjectNameId\":\"SonsStorySpots.GraveItems.ABW\"},{\"SaveObjectNameId\":\"SonsStorySpots.GraveItems.AGC\"},{\"SaveObjectNameId\":\"SonsStorySpots.GraveItems.AJE\"},{\"SaveObjectNameId\":\"SonsStorySpots.GraveItems.AMH\"},{\"SaveObjectNameId\":\"SonsStorySpots.BasicStorageCrateItems.AAZ\"},{\"SaveObjectNameId\":\"SonsStorySpots.BasicStorageCrateItems.AQD\"},{\"SaveObjectNameId\":\"SonsStorySpots.GrenadeCase.AJD\",\"SaveValue\":1},{\"SaveObjectNameId\":\"SonsStorySpots.AmmoCase.ALB\",\"SaveValue\":1},{\"SaveObjectNameId\":\"SonsStorySpots.BasicStorageCrateItems.AVG\",\"SaveValue\":1},{\"SaveObjectNameId\":\"SonsStorySpots.BasicStorageCrateItems.AVQ\",\"SaveValue\":1},{\"SaveObjectNameId\":\"SonsStorySpots.Meds.AEY\",\"SaveValue\":1},{\"SaveObjectNameId\":\"SonsStorySpots.WoodenCrateItems.ADW\",\"SaveValue\":1},{\"SaveObjectNameId\":\"SonsStorySpots.WoodenCrateItems.ANT\",\"SaveValue\":1},{\"SaveObjectNameId\":\"BunkerFoodAndDining.BasicStorageCrateItems.AAA\"},{\"SaveObjectNameId\":\"BunkerFoodAndDining.BasicStorageCrateItems.AAB\",\"SaveValue\":1},{\"SaveObjectNameId\":\"BunkerFoodAndDining.BasicStorageCrateItems.AAC\"},{\"SaveObjectNameId\":\"BunkerFoodAndDining.PufftonBossSpawn\",\"SaveValue\":1},{\"SaveObjectNameId\":\"BunkerFoodAndDining.Cutscene.PuffysVsBadGuys\",\"SaveValue\":1},{\"SaveObjectNameId\":\"BunkerFoodAndDining.DiningDoor\",\"SaveValue\":3},{\"SaveObjectNameId\":\"BunkerFoodAndDining.EntranceDoor\",\"SaveValue\":3},{\"SaveObjectNameId\":\"BunkerFoodAndDining.EntranceHatch\",\"SaveValue\":3},{\"SaveObjectNameId\":\"SonsStorySpots.WoodenCrateItems.ANZ\"},{\"SaveObjectNameId\":\"SonsStorySpots.WoodenCrateItems.AFJ\"},{\"SaveObjectNameId\":\"SonsStorySpots.WoodenCrateItems.AGN\"},{\"SaveObjectNameId\":\"SonsStorySpots.WoodenCrateItems.AMA\"},{\"SaveObjectNameId\":\"SonsStorySpots.BasicStorageCrateItems.ACA\"},{\"SaveObjectNameId\":\"SonsStorySpots.BasicStorageCrateItems.AJR\"},{\"SaveObjectNameId\":\"SonsStorySpots.FlaresCase.AFV\"},{\"SaveObjectNameId\":\"SonsStorySpots.BasicStorageCrateItems.AAJ\"},{\"SaveObjectNameId\":\"SonsStorySpots.BasicStorageCrateItems.AIJ\"},{\"SaveObjectNameId\":\"SonsStorySpots.SuitcaseItems.ALQ\"},{\"SaveObjectNameId\":\"SonsStorySpots.SuitcaseItems.AMN\"},{\"SaveObjectNameId\":\"SonsStorySpots.AmmoCase.AGP\"},{\"SaveObjectNameId\":\"SonsStorySpots.Meds.ARB\"},{\"SaveObjectNameId\":\"SonsStorySpots.BasicStorageCrateItems.ABH\"},{\"SaveObjectNameId\":\"SonsStorySpots.BasicStorageCrateItems.AHX\"},{\"SaveObjectNameId\":\"SonsStorySpots.BasicStorageCrateItems.ALS\"},{\"SaveObjectNameId\":\"SonsStorySpots.FlaresCase.AMC\"},{\"SaveObjectNameId\":\"SonsStorySpots.AmmoCase.ATN\"},{\"SaveObjectNameId\":\"SonsStorySpots.AmmoCase.ATO\"},{\"SaveObjectNameId\":\"SonsStorySpots.AmmoCase.ATR\"},{\"SaveObjectNameId\":\"DyingTacticalB.002\"},{\"SaveObjectNameId\":\"SonsStorySpots.BasicStorageCrateItems.AUF\"},{\"SaveObjectNameId\":\"SonsStorySpots.GrenadeCase.AVC\"},{\"SaveObjectNameId\":\"SonsStorySpots.BasicStorageCrateItems.AUL\"},{\"SaveObjectNameId\":\"SonsStorySpots.GraveItems.AAL\"},{\"SaveObjectNameId\":\"SonsStorySpots.GraveItems.ADO\"},{\"SaveObjectNameId\":\"SonsStorySpots.GraveItems.AGX\"},{\"SaveObjectNameId\":\"SonsStorySpots.GraveItems.APB\"},{\"SaveObjectNameId\":\"SonsStorySpots.GraveItems.ARK\"},{\"SaveObjectNameId\":\"SonsStorySpots.BasicStorageCrateItems.ADV\"},{\"SaveObjectNameId\":\"SonsStorySpots.BasicStorageCrateItems.AOC\"},{\"SaveObjectNameId\":\"SonsStorySpots.GrenadeCase.AQF\"},{\"SaveObjectNameId\":\"SonsStorySpots.GrenadeCase.AQO\"},{\"SaveObjectNameId\":\"SonsStorySpots.BasicStorageCrateItems.AOH\"},{\"SaveObjectNameId\":\"SonsStorySpots.GrenadeCase.AFS\"},{\"SaveObjectNameId\":\"SonsStorySpots.GrenadeCase.AND\"},{\"SaveObjectNameId\":\"SonsStorySpots.BasicStorageCrateItems.AUR\"},{\"SaveObjectNameId\":\"SonsStorySpots.BasicStorageCrateItems.AAW\"},{\"SaveObjectNameId\":\"SonsStorySpots.GraveItems.ABM\"},{\"SaveObjectNameId\":\"SonsStorySpots.GraveItems.ACR\"},{\"SaveObjectNameId\":\"SonsStorySpots.GraveItems.AFY\"},{\"SaveObjectNameId\":\"SonsStorySpots.WoodenCrateItems.ACV\"},{\"SaveObjectNameId\":\"SonsStorySpots.BasicStorageCrateItems.AGM\",\"SaveValue\":1},{\"SaveObjectNameId\":\"SonsStorySpots.BasicStorageCrateItems.ALM\",\"SaveValue\":1},{\"SaveObjectNameId\":\"SonsStorySpots.BasicStorageCrateItems.ANG\"},{\"SaveObjectNameId\":\"SonsStorySpots.GraveItems.AEP\",\"SaveValue\":1},{\"SaveObjectNameId\":\"SonsStorySpots.GraveItems.AHL\"},{\"SaveObjectNameId\":\"SonsStorySpots.GraveItems.ANQ\"},{\"SaveObjectNameId\":\"SonsStorySpots.GraveItems.APW\",\"SaveValue\":1},{\"SaveObjectNameId\":\"SonsStorySpots.SuitcaseItems.AHM\",\"SaveValue\":1},{\"SaveObjectNameId\":\"SonsStorySpots.WoodenCrateItems.ALZ\"},{\"SaveObjectNameId\":\"SonsStorySpots.GraveItems.AIZ\"},{\"SaveObjectNameId\":\"SonsStorySpots.GraveItems.ANO\"},{\"SaveObjectNameId\":\"SonsStorySpots.GraveItems.AGG\"},{\"SaveObjectNameId\":\"SonsStorySpots.GraveItems.AGO\"},{\"SaveObjectNameId\":\"SonsStorySpots.GraveItems.ALV\"},{\"SaveObjectNameId\":\"SonsStorySpots.BasicStorageCrateItems.ABQ\"},{\"SaveObjectNameId\":\"SonsStorySpots.WoodenCrateItems.AAD\"},{\"SaveObjectNameId\":\"SonsStorySpots.WoodenCrateItems.ALW\"},{\"SaveObjectNameId\":\"SonsStorySpots.WoodenCrateItems.ANM\"},{\"SaveObjectNameId\":\"SonsStorySpots.AmmoCase.ANU\",\"SaveValue\":1},{\"SaveObjectNameId\":\"SonsStorySpots.AmmoCase.APQ\",\"SaveValue\":1},{\"SaveObjectNameId\":\"SonsStorySpots.GraveItems.AHB\",\"SaveValue\":1},{\"SaveObjectNameId\":\"SonsStorySpots.GraveItems.AID\",\"SaveValue\":1},{\"SaveObjectNameId\":\"SonsStorySpots.GraveItems.ALY\",\"SaveValue\":1},{\"SaveObjectNameId\":\"SonsStorySpots.WoodenCrateItems.AEW\"},{\"SaveObjectNameId\":\"SonsStorySpots.WoodenCrateItems.AMQ\",\"SaveValue\":1},{\"SaveObjectNameId\":\"SonsStorySpots.GraveItems.APF\",\"SaveValue\":1},{\"SaveObjectNameId\":\"SonsStorySpots.GraveItems.APY\",\"SaveValue\":1},{\"SaveObjectNameId\":\"SonsStorySpots.WoodenCrateItems.ACE\",\"SaveValue\":1},{\"SaveObjectNameId\":\"SonsStorySpots.WoodenCrateItems.ACL\"},{\"SaveObjectNameId\":\"SonsStorySpots.WoodenCrateItems.AFE\",\"SaveValue\":1},{\"SaveObjectNameId\":\"SonsStorySpots.WoodenCrateItems.AFW\",\"SaveValue\":1},{\"SaveObjectNameId\":\"SonsStorySpots.WoodenCrateItems.AIL\"},{\"SaveObjectNameId\":\"SonsStorySpots.WoodenCrateItems.APE\",\"SaveValue\":1},{\"SaveObjectNameId\":\"DyingTacticalA.008\",\"SaveValue\":1},{\"SaveObjectNameId\":\"SonsStorySpots.AmmoCase.ACW\",\"SaveValue\":1},{\"SaveObjectNameId\":\"SonsStorySpots.AmmoCase.AJM\",\"SaveValue\":1},{\"SaveObjectNameId\":\"SonsStorySpots.WoodenCrateItems.ABP\"},{\"SaveObjectNameId\":\"SonsStorySpots.WoodenCrateItems.AIG\"},{\"SaveObjectNameId\":\"SonsStorySpots.WoodenCrateItems.AJJ\"},{\"SaveObjectNameId\":\"SonsStorySpots.WoodenCrateItems.AQM\"},{\"SaveObjectNameId\":\"SonsStorySpots.BasicStorageCrateItems.ADJ\"},{\"SaveObjectNameId\":\"SonsStorySpots.BasicStorageCrateItems.AEA\"},{\"SaveObjectNameId\":\"SonsStorySpots.BasicStorageCrateItems.AJQ\"},{\"SaveObjectNameId\":\"SonsStorySpots.BasicStorageCrateItems.AJS\"},{\"SaveObjectNameId\":\"SonsStorySpots.BasicStorageCrateItems.AOL\"},{\"SaveObjectNameId\":\"SonsStorySpots.SuitcaseItems.ABU\"},{\"SaveObjectNameId\":\"SonsStorySpots.SuitcaseItems.ADF\"},{\"SaveObjectNameId\":\"SonsStorySpots.SuitcaseItems.AFT\"},{\"SaveObjectNameId\":\"SonsStorySpots.SuitcaseItems.AJT\"},{\"SaveObjectNameId\":\"SonsStorySpots.SuitcaseItems.AMI\"},{\"SaveObjectNameId\":\"SonsStorySpots.SuitcaseItems.AMP\"},{\"SaveObjectNameId\":\"SonsStorySpots.SuitcaseItems.ANK\"},{\"SaveObjectNameId\":\"SonsStorySpots.SuitcaseItems.AQC\"},{\"SaveObjectNameId\":\"SonsStorySpots.SuitcaseItems.AQZ\"},{\"SaveObjectNameId\":\"SonsStorySpots.WoodenCrateItems.AAK\"},{\"SaveObjectNameId\":\"SonsStorySpots.WoodenCrateItems.AGB\"},{\"SaveObjectNameId\":\"SonsStorySpots.WoodenCrateItems.AIQ\"},{\"SaveObjectNameId\":\"SonsStorySpots.WoodenCrateItems.ALO\"},{\"SaveObjectNameId\":\"SonsStorySpots.BasicStorageCrateItems.AHY\"},{\"SaveObjectNameId\":\"SonsStorySpots.GraveItems.ADQ\"},{\"SaveObjectNameId\":\"SonsStorySpots.GraveItems.AFH\"},{\"SaveObjectNameId\":\"SonsStorySpots.GraveItems.ABD\"},{\"SaveObjectNameId\":\"SonsStorySpots.GraveItems.AKP\"},{\"SaveObjectNameId\":\"SonsStorySpots.GraveItems.AMD\"},{\"SaveObjectNameId\":\"SonsStorySpots.WoodenCrateItems.AHP\"},{\"SaveObjectNameId\":\"SonsStorySpots.WoodenCrateItems.ARS\"},{\"SaveObjectNameId\":\"SonsStorySpots.WoodenCrateItems.AVH\"},{\"SaveObjectNameId\":\"SonsStorySpots.WoodenCrateItems.AVK\"},{\"SaveObjectNameId\":\"SonsStorySpots.WoodenCrateItems.AVV\"},{\"SaveObjectNameId\":\"SonsStorySpots.GraveItems.AAO\"},{\"SaveObjectNameId\":\"SonsStorySpots.GraveItems.AIN\"},{\"SaveObjectNameId\":\"SonsStorySpots.GraveItems.AMZ\"},{\"SaveObjectNameId\":\"SonsStorySpots.GraveItems.AOR\"},{\"SaveObjectNameId\":\"DyingTacticalA.009\"},{\"SaveObjectNameId\":\"SonsStorySpots.BasicStorageCrateItems.AMJ\"},{\"SaveObjectNameId\":\"SonsStorySpots.FlaresCase.AEG\"},{\"SaveObjectNameId\":\"SonsStorySpots.GrenadeCase.ADP\"},{\"SaveObjectNameId\":\"SonsStorySpots.GrenadeCase.AKA\"},{\"SaveObjectNameId\":\"SonsStorySpots.GraveItems.AKU\"},{\"SaveObjectNameId\":\"SonsStorySpots.GraveItems.ANF\"},{\"SaveObjectNameId\":\"SonsStorySpots.GraveItems.ANR\"},{\"SaveObjectNameId\":\"SonsStorySpots.WoodenCrateItems.AYY\"},{\"SaveObjectNameId\":\"SonsStorySpots.WoodenCrateItems.AZR\"},{\"SaveObjectNameId\":\"SonsStorySpots.BasicStorageCrateItems.AWM\"},{\"SaveObjectNameId\":\"SonsStorySpots.BasicStorageCrateItems.AWN\"},{\"SaveObjectNameId\":\"SonsStorySpots.GrenadeCase.AWO\"},{\"SaveObjectNameId\":\"SonsStorySpots.BasicStorageCrateItems.AAI\"},{\"SaveObjectNameId\":\"SonsStorySpots.BasicStorageCrateItems.ACP\"},{\"SaveObjectNameId\":\"SonsStorySpots.GraveItems.AAP\"},{\"SaveObjectNameId\":\"SonsStorySpots.GraveItems.ACY\"},{\"SaveObjectNameId\":\"SonsStorySpots.GraveItems.AET\"},{\"SaveObjectNameId\":\"SonsStorySpots.GraveItems.AFR\"},{\"SaveObjectNameId\":\"SonsStorySpots.GraveItems.AKW\"},{\"SaveObjectNameId\":\"SonsStorySpots.BasicStorageCrateItems.AYV\"},{\"SaveObjectNameId\":\"SonsStorySpots.BasicStorageCrateItems.AZK\"},{\"SaveObjectNameId\":\"SonsStorySpots.BasicStorageCrateItems.AZP\"},{\"SaveObjectNameId\":\"SonsStorySpots.BasicStorageCrateItems.AZW\"},{\"SaveObjectNameId\":\"SonsStorySpots.WoodenCrateItems.AAH\",\"SaveValue\":1},{\"SaveObjectNameId\":\"SonsStorySpots.WoodenCrateItems.ABR\",\"SaveValue\":1},{\"SaveObjectNameId\":\"SonsStorySpots.GraveItems.ADG\"},{\"SaveObjectNameId\":\"SonsStorySpots.GraveItems.AKL\"},{\"SaveObjectNameId\":\"SonsStorySpots.GraveItems.ALG\"},{\"SaveObjectNameId\":\"SonsStorySpots.WoodenCrateItems.AKR\"},{\"SaveObjectNameId\":\"SonsStorySpots.WoodenCrateItems.AOJ\"},{\"SaveObjectNameId\":\"SonsStorySpots.BasicStorageCrateItems.AXN\",\"SaveValue\":1},{\"SaveObjectNameId\":\"SonsStorySpots.BasicStorageCrateItems.AXQ\",\"SaveValue\":1},{\"SaveObjectNameId\":\"SonsStorySpots.BasicStorageCrateItems.AYR\",\"SaveValue\":1},{\"SaveObjectNameId\":\"SonsStorySpots.BasicStorageCrateItems.AYB\"},{\"SaveObjectNameId\":\"SonsStorySpots.AmmoCase.ATA\"},{\"SaveObjectNameId\":\"SonsStorySpots.AmmoCase.ATB\"},{\"SaveObjectNameId\":\"SonsStorySpots.WoodenCrateItems.ASS\"},{\"SaveObjectNameId\":\"SonsStorySpots.WoodenCrateItems.AST\"},{\"SaveObjectNameId\":\"SonsStorySpots.GraveItems.AKY\"},{\"SaveObjectNameId\":\"SonsStorySpots.GraveItems.AQI\"},{\"SaveObjectNameId\":\"SonsStorySpots.WoodenCrateItems.ASI\"},{\"SaveObjectNameId\":\"SonsStorySpots.WoodenCrateItems.ASJ\"},{\"SaveObjectNameId\":\"SonsStorySpots.WoodenCrateItems.ASK\"},{\"SaveObjectNameId\":\"SonsStorySpots.WoodenCrateItems.ASL\"},{\"SaveObjectNameId\":\"SonsStorySpots.WoodenCrateItems.ASM\"},{\"SaveObjectNameId\":\"SonsStorySpots.WoodenCrateItems.ASN\"},{\"SaveObjectNameId\":\"SonsStorySpots.WoodenCrateItems.ASO\"},{\"SaveObjectNameId\":\"SonsStorySpots.WoodenCrateItems.ASP\"},{\"SaveObjectNameId\":\"SonsStorySpots.AmmoCase.ARU\",\"SaveValue\":1},{\"SaveObjectNameId\":\"SonsStorySpots.WoodenCrateItems.ASG\",\"SaveValue\":1},{\"SaveObjectNameId\":\"SonsStorySpots.WoodenCrateItems.ASH\",\"SaveValue\":1},{\"SaveObjectNameId\":\"SonsStorySpots.BasicStorageCrateItems.ATJ\"},{\"SaveObjectNameId\":\"SonsStorySpots.BasicStorageCrateItems.ATK\"},{\"SaveObjectNameId\":\"SonsStorySpots.FlaresCase.ARY\"},{\"SaveObjectNameId\":\"SonsStorySpots.Meds.ARW\"},{\"SaveObjectNameId\":\"SonsStorySpots.WoodenCrateItems.ASU\"},{\"SaveObjectNameId\":\"SonsStorySpots.GraveItems.ACB\"},{\"SaveObjectNameId\":\"SonsStorySpots.GraveItems.APZ\"},{\"SaveObjectNameId\":\"SonsStorySpots.WoodenCrateItems.ATT\"},{\"SaveObjectNameId\":\"SonsStorySpots.WoodenCrateItems.ATU\"},{\"SaveObjectNameId\":\"SonsStorySpots.WoodenCrateItems.ATV\"},{\"SaveObjectNameId\":\"SonsStorySpots.WoodenCrateItems.ATY\"},{\"SaveObjectNameId\":\"SonsStorySpots.WoodenCrateItems.ATW\"},{\"SaveObjectNameId\":\"SonsStorySpots.WoodenCrateItems.ATX\"},{\"SaveObjectNameId\":\"SonsStorySpots.AmmoCase.AEV\"},{\"SaveObjectNameId\":\"SonsStorySpots.BasicStorageCrateItems.AKK\"},{\"SaveObjectNameId\":\"SonsStorySpots.Meds.ANC\"},{\"SaveObjectNameId\":\"SonsStorySpots.WoodenCrateItems.ABE\"},{\"SaveObjectNameId\":\"SonsStorySpots.WoodenCrateItems.ACH\"},{\"SaveObjectNameId\":\"SonsStorySpots.WoodenCrateItems.ARQ\"},{\"SaveObjectNameId\":\"SonsStorySpots.SuitcaseItems.ABX\"},{\"SaveObjectNameId\":\"SonsStorySpots.SuitcaseItems.ACC\"},{\"SaveObjectNameId\":\"SonsStorySpots.SuitcaseItems.ACO\"},{\"SaveObjectNameId\":\"SonsStorySpots.SuitcaseItems.AEO\"},{\"SaveObjectNameId\":\"SonsStorySpots.SuitcaseItems.AIR\"},{\"SaveObjectNameId\":\"SonsStorySpots.SuitcaseItems.AMW\"},{\"SaveObjectNameId\":\"SonsStorySpots.SuitcaseItems.AOB\"},{\"SaveObjectNameId\":\"SonsStorySpots.AmmoCase.APO\"},{\"SaveObjectNameId\":\"SonsStorySpots.AmmoCase.AQG\"},{\"SaveObjectNameId\":\"SonsStorySpots.WoodenCrateItems.AFB\"},{\"SaveObjectNameId\":\"SonsStorySpots.WoodenCrateItems.AIH\"},{\"SaveObjectNameId\":\"SonsStorySpots.AmmoCase.AKO\"},{\"SaveObjectNameId\":\"SonsStorySpots.WoodenCrateItems.AIP\"},{\"SaveObjectNameId\":\"SonsStorySpots.WoodenCrateItems.APS\"},{\"SaveObjectNameId\":\"SonsStorySpots.BasicStorageCrateItems.AFA\"},{\"SaveObjectNameId\":\"SonsStorySpots.BasicStorageCrateItems.AHD\"},{\"SaveObjectNameId\":\"SonsStorySpots.BasicStorageCrateItems.AHU\"},{\"SaveObjectNameId\":\"SonsStorySpots.BasicStorageCrateItems.AJB\"},{\"SaveObjectNameId\":\"SonsStorySpots.BasicStorageCrateItems.ANV\"},{\"SaveObjectNameId\":\"SonsStorySpots.BasicStorageCrateItems.ANY\"},{\"SaveObjectNameId\":\"SonsStorySpots.BasicStorageCrateItems.AIX\"},{\"SaveObjectNameId\":\"SonsStorySpots.BasicStorageCrateItems.ALC\"},{\"SaveObjectNameId\":\"SonsStorySpots.BasicStorageCrateItems.ALE\"},{\"SaveObjectNameId\":\"SonsStorySpots.BasicStorageCrateItems.AMO\"},{\"SaveObjectNameId\":\"SonsStorySpots.BasicStorageCrateItems.AQS\"},{\"SaveObjectNameId\":\"SonsStorySpots.BasicStorageCrateItems.ARN\"},{\"SaveObjectNameId\":\"SonsStorySpots.BasicStorageCrateItems.ATF\"},{\"SaveObjectNameId\":\"SonsStorySpots.BasicStorageCrateItems.ATG\"},{\"SaveObjectNameId\":\"SonsStorySpots.FlaresCase.ARX\"},{\"SaveObjectNameId\":\"SonsStorySpots.Meds.ARV\"},{\"SaveObjectNameId\":\"SonsStorySpots.WoodenCrateItems.ASB\"},{\"SaveObjectNameId\":\"SonsStorySpots.GraveItems.ABV\"},{\"SaveObjectNameId\":\"SonsStorySpots.GraveItems.AEH\"},{\"SaveObjectNameId\":\"SonsStorySpots.GraveItems.AEL\"},{\"SaveObjectNameId\":\"SonsStorySpots.GraveItems.AIE\"},{\"SaveObjectNameId\":\"SonsStorySpots.GraveItems.AKC\"},{\"SaveObjectNameId\":\"SonsStorySpots.GraveItems.AQN\"},{\"SaveObjectNameId\":\"SonsStorySpots.GraveItems.ACK\"},{\"SaveObjectNameId\":\"SonsStorySpots.GraveItems.AEZ\"},{\"SaveObjectNameId\":\"SonsStorySpots.BasicStorageCrateItems.AZM\"},{\"SaveObjectNameId\":\"SonsStorySpots.BasicStorageCrateItems.AZS\"},{\"SaveObjectNameId\":\"SonsStorySpots.BasicStorageCrateItems.AZQ\"},{\"SaveObjectNameId\":\"SonsStorySpots.WoodenCrateItems.AAU\"},{\"SaveObjectNameId\":\"SonsStorySpots.WoodenCrateItems.AHN\"},{\"SaveObjectNameId\":\"SonsStorySpots.WoodenCrateItems.API\"},{\"SaveObjectNameId\":\"SonsStorySpots.WoodenCrateItems.AQR\"},{\"SaveObjectNameId\":\"SonsStorySpots.AmmoCase.AHQ\"},{\"SaveObjectNameId\":\"SonsStorySpots.BasicStorageCrateItems.AVY\"},{\"SaveObjectNameId\":\"SonsStorySpots.BasicStorageCrateItems.AWC\"},{\"SaveObjectNameId\":\"SonsStorySpots.Meds.AIK\"},{\"SaveObjectNameId\":\"SonsStorySpots.WoodenCrateItems.ACU\"},{\"SaveObjectNameId\":\"SonsStorySpots.WoodenCrateItems.ADR\"},{\"SaveObjectNameId\":\"SonsStorySpots.WoodenCrateItems.AEI\"},{\"SaveObjectNameId\":\"SonsStorySpots.WoodenCrateItems.AOZ\"},{\"SaveObjectNameId\":\"SonsStorySpots.BasicStorageCrateItems.AUI\"}]}"}}