{"Version":"0.0.0","Data":{"ScrewStructureInstances":"{\"_structures\":[{\"Id\":20,\"Pos\":{\"x\":-1152.0437,\"y\":138.99263,\"z\":-226.206924},\"Rot\":{\"x\":0.0549482368,\"y\":-0.04908997,\"z\":0.0183631182,\"w\":-0.9971127},\"Storages\":[],\"Modules\":[]},{\"Id\":55,\"Pos\":{\"x\":-1016.76489,\"y\":86.44786,\"z\":118.801476},\"Rot\":{\"x\":0.0601118058,\"y\":0.7425498,\"z\":-0.06725439,\"w\":0.6636892},\"Storages\":[],\"Modules\":[]},{\"Id\":42,\"Pos\":{\"x\":-1373.17664,\"y\":94.1753,\"z\":1513.45007},\"Rot\":{\"x\":-0.128238872,\"y\":0.730562031,\"z\":-0.03783409,\"w\":0.6696286},\"Storages\":[],\"Modules\":[]},{\"Id\":55,\"Pos\":{\"x\":-676.444153,\"y\":52.8668365,\"z\":1185.38586},\"Rot\":{\"x\":0.114373446,\"y\":-0.333592325,\"z\":0.0408124961,\"w\":0.934863269},\"Storages\":[],\"Modules\":[]},{\"Id\":55,\"Pos\":{\"x\":-690.710754,\"y\":97.45472,\"z\":1195.69946},\"Rot\":{\"x\":0.306958139,\"y\":-0.5949907,\"z\":0.262888879,\"w\":0.6947318},\"Storages\":[],\"Modules\":[]},{\"Id\":80,\"Pos\":{\"x\":-733.0435,\"y\":55.6567039,\"z\":1201.353},\"Rot\":{\"x\":-0.00373376044,\"y\":-0.0529377833,\"z\":0.07025718,\"w\":-0.9961163},\"Storages\":[],\"Modules\":[]},{\"Id\":55,\"Pos\":{\"x\":-615.577454,\"y\":57.2991333,\"z\":1236.7439},\"Rot\":{\"x\":0.0495128781,\"y\":0.935176969,\"z\":0.145005465,\"w\":-0.319321066},\"Storages\":[],\"Modules\":[]},{\"Id\":19,\"Pos\":{\"x\":-631.0012,\"y\":39.4892,\"z\":1247.07031},\"Rot\":{\"x\":0.0230775233,\"y\":0.9690159,\"z\":-0.00585498475,\"w\":0.245848447},\"Storages\":[{\"Version\":\"0.0.0\",\"ItemBlocks\":[]},{\"Version\":\"0.0.0\",\"ItemBlocks\":[]},{\"Version\":\"0.0.0\",\"ItemBlocks\":[]},{\"Version\":\"0.0.0\",\"ItemBlocks\":[]}],\"Modules\":[]},{\"Id\":19,\"Pos\":{\"x\":-633.799866,\"y\":40.5714531,\"z\":1254.70313},\"Rot\":{\"x\":0.04487864,\"y\":-0.0237049926,\"z\":0.07091716,\"w\":-0.996190131},\"Storages\":[{\"Version\":\"0.0.0\",\"ItemBlocks\":[]},{\"Version\":\"0.0.0\",\"ItemBlocks\":[]},{\"Version\":\"0.0.0\",\"ItemBlocks\":[]},{\"Version\":\"0.0.0\",\"ItemBlocks\":[]}],\"Modules\":[]},{\"Id\":19,\"Pos\":{\"x\":-632.2353,\"y\":40.35839,\"z\":1254.53748},\"Rot\":{\"x\":-0.02214927,\"y\":0.0445819646,\"z\":-0.0242196638,\"w\":0.9984665},\"Storages\":[{\"Version\":\"0.0.0\",\"ItemBlocks\":[]},{\"Version\":\"0.0.0\",\"ItemBlocks\":[]},{\"Version\":\"0.0.0\",\"ItemBlocks\":[]},{\"Version\":\"0.0.0\",\"ItemBlocks\":[]}],\"Modules\":[]},{\"Id\":19,\"Pos\":{\"x\":-630.5866,\"y\":40.0515976,\"z\":1254.48816},\"Rot\":{\"x\":0.0454276465,\"y\":-0.0159731619,\"z\":0.0705667138,\"w\":-0.996344149},\"Storages\":[{\"Version\":\"0.0.0\",\"ItemBlocks\":[]},{\"Version\":\"0.0.0\",\"ItemBlocks\":[]},{\"Version\":\"0.0.0\",\"ItemBlocks\":[]},{\"Version\":\"0.0.0\",\"ItemBlocks\":[]}],\"Modules\":[]},{\"Id\":19,\"Pos\":{\"x\":-628.7799,\"y\":39.7202759,\"z\":1254.43347},\"Rot\":{\"x\":0.01882057,\"y\":-0.06279543,\"z\":0.071108,\"w\":-0.995312154},\"Storages\":[{\"Version\":\"0.0.0\",\"ItemBlocks\":[]},{\"Version\":\"0.0.0\",\"ItemBlocks\":[]},{\"Version\":\"0.0.0\",\"ItemBlocks\":[]},{\"Version\":\"0.0.0\",\"ItemBlocks\":[]}],\"Modules\":[]},{\"Id\":19,\"Pos\":{\"x\":-638.2334,\"y\":40.5917778,\"z\":1250.83447},\"Rot\":{\"x\":0.06290954,\"y\":0.7599259,\"z\":-0.03810685,\"w\":-0.6458351},\"Storages\":[{\"Version\":\"0.0.0\",\"ItemBlocks\":[]},{\"Version\":\"0.0.0\",\"ItemBlocks\":[]},{\"Version\":\"0.0.0\",\"ItemBlocks\":[]},{\"Version\":\"0.0.0\",\"ItemBlocks\":[{\"ItemId\":355,\"TotalCount\":1,\"UniqueItems\":[{\"Modules\":[{\"Version\":\"0.0.0\"},{\"AmmoType\":362,\"CurrentAmmo\":12,\"WeaponModIds\":[],\"Version\":\"0.0.0\",\"ModuleId\":4},{\"Version\":\"0.0.0\",\"ModuleId\":8}]}]}]}],\"Modules\":[]},{\"Id\":19,\"Pos\":{\"x\":-637.9514,\"y\":40.3724365,\"z\":1249.11975},\"Rot\":{\"x\":0.03265532,\"y\":0.7744537,\"z\":-0.0033131782,\"w\":-0.631778657},\"Storages\":[{\"Version\":\"0.0.0\",\"ItemBlocks\":[]},{\"Version\":\"0.0.0\",\"ItemBlocks\":[{\"ItemId\":355,\"TotalCount\":1,\"UniqueItems\":[{\"Modules\":[{\"Version\":\"0.0.0\"},{\"AmmoType\":362,\"CurrentAmmo\":12,\"WeaponModIds\":[],\"Version\":\"0.0.0\",\"ModuleId\":4},{\"Version\":\"0.0.0\",\"ModuleId\":8}]}]}]},{\"Version\":\"0.0.0\",\"ItemBlocks\":[]},{\"Version\":\"0.0.0\",\"ItemBlocks\":[{\"ItemId\":355,\"TotalCount\":1,\"UniqueItems\":[{\"Modules\":[{\"Version\":\"0.0.0\"},{\"AmmoType\":362,\"CurrentAmmo\":12,\"WeaponModIds\":[],\"Version\":\"0.0.0\",\"ModuleId\":4},{\"Version\":\"0.0.0\",\"ModuleId\":8}]}]}]}],\"Modules\":[]},{\"Id\":19,\"Pos\":{\"x\":-638.2734,\"y\":40.9277039,\"z\":1253.00549},\"Rot\":{\"x\":0.08209269,\"y\":0.7129649,\"z\":-0.0174391977,\"w\":-0.6961593},\"Storages\":[{\"Version\":\"0.0.0\",\"ItemBlocks\":[]},{\"Version\":\"0.0.0\",\"ItemBlocks\":[]},{\"Version\":\"0.0.0\",\"ItemBlocks\":[]},{\"Version\":\"0.0.0\",\"ItemBlocks\":[]}],\"Modules\":[]},{\"Id\":19,\"Pos\":{\"x\":-637.653,\"y\":41.08651,\"z\":1254.86841},\"Rot\":{\"x\":0.05012911,\"y\":0.08133532,\"z\":0.0425494947,\"w\":-0.9945156},\"Storages\":[{\"Version\":\"0.0.0\",\"ItemBlocks\":[]},{\"Version\":\"0.0.0\",\"ItemBlocks\":[]},{\"Version\":\"0.0.0\",\"ItemBlocks\":[]},{\"Version\":\"0.0.0\",\"ItemBlocks\":[]}],\"Modules\":[]},{\"Id\":19,\"Pos\":{\"x\":-635.712036,\"y\":40.8551559,\"z\":1254.849},\"Rot\":{\"x\":0.04593145,\"y\":-0.008843081,\"z\":0.07023985,\"w\":-0.9964329},\"Storages\":[{\"Version\":\"0.0.0\",\"ItemBlocks\":[]},{\"Version\":\"0.0.0\",\"ItemBlocks\":[]},{\"Version\":\"0.0.0\",\"ItemBlocks\":[]},{\"Version\":\"0.0.0\",\"ItemBlocks\":[]}],\"Modules\":[]},{\"Id\":55,\"Pos\":{\"x\":-606.8391,\"y\":43.93507,\"z\":1263.25781},\"Rot\":{\"x\":0.0258709267,\"y\":0.8883301,\"z\":0.0504328161,\"w\":-0.4556938},\"Storages\":[],\"Modules\":[]}]}"}}