{"Version":"0.0.0","Data":{"WorldObjectLocatorManager":"{\"Version\":\"0.0.0\",\"SerializedStates\":[{\"Key\":\"0746D7FF131003007FBF4600\",\"Value\":1},{\"Key\":\"AFFBB9FF4D9308005415F1FF\",\"Value\":3},{\"Key\":\"504DB7FF1176080095B7F2FF\",\"Value\":1},{\"Key\":\"7607BBFF0A60080028F8F2FF\",\"Value\":1},{\"Key\":\"D71EBBFF5E5F080088F5F2FF\",\"Value\":1},{\"Key\":\"8D19BBFF7E5C08004D08F3FF\",\"Value\":1},{\"Key\":\"8B28BBFFD85408004F2BF3FF\",\"Value\":1},{\"Key\":\"ED32BBFF93510800AF39F3FF\",\"Value\":1},{\"Key\":\"F82FBBFFF94A08002B61F3FF\",\"Value\":1},{\"Key\":\"AC48BBFFF84D08008E51F3FF\",\"Value\":1},{\"Key\":\"90DDB9FF7E8B08005143F1FF\",\"Value\":1},{\"Key\":\"FBE9B9FF9D8D0800C039F1FF\",\"Value\":1},{\"Key\":\"3BDFB9FFAD8F08009128F1FF\",\"Value\":1},{\"Key\":\"3539B7FF5D7808006F80F2FF\",\"Value\":1},{\"Key\":\"2731B7FFB0770800C87EF2FF\",\"Value\":1},{\"Key\":\"AD2BB7FFD7770800D868F2FF\",\"Value\":1},{\"Key\":\"BE1DB7FF51750800507EF2FF\",\"Value\":1},{\"Key\":\"7F1EB7FF30760800836CF2FF\",\"Value\":1},{\"Key\":\"2446B6FF6F4D0800D97CF1FF\",\"Value\":1},{\"Key\":\"DD3AB7FFEC6F080008DDF2FF\",\"Value\":1},{\"Key\":\"8743B7FFF572080030CAF2FF\",\"Value\":1},{\"Key\":\"7D4FB7FFE7710800F4DBF2FF\",\"Value\":1},{\"Key\":\"E04DB7FF056F080030F0F2FF\",\"Value\":1},{\"Key\":\"1345B7FF806D08007DF5F2FF\",\"Value\":1},{\"Key\":\"713AB7FF0E630800E42AF3FF\",\"Value\":1},{\"Key\":\"0624B7FF9E6208007F22F3FF\",\"Value\":1},{\"Key\":\"D23BB7FF585E0800D745F3FF\",\"Value\":1},{\"Key\":\"C044BBFFBD520800412FF3FF\",\"Value\":1},{\"Key\":\"802ABBFFCE5808008A15F3FF\",\"Value\":1},{\"Key\":\"DC51BDFF2593080013E3F3FF\",\"Value\":1},{\"Key\":\"425DBDFF2C8D08009205F4FF\",\"Value\":1},{\"Key\":\"9C88B3FFCEE308006CC3EDFF\",\"Value\":1},{\"Key\":\"E183B3FF7CE2080086B9EDFF\",\"Value\":1},{\"Key\":\"638AB3FF52E1080042DDEDFF\",\"Value\":1},{\"Key\":\"FB6DB3FFF2D50800AAC2EDFF\",\"Value\":1},{\"Key\":\"6E59B3FFA5CD0800CDCFEDFF\",\"Value\":1},{\"Key\":\"4179B3FF5D0309006B1BEDFF\",\"Value\":1},{\"Key\":\"7D73B3FF53F908009933EDFF\",\"Value\":1},{\"Key\":\"3749B3FFE1F40800060FEDFF\",\"Value\":1},{\"Key\":\"4744B3FF0FF60800F106EDFF\",\"Value\":1},{\"Key\":\"9768B3FF5BE90800A464EDFF\",\"Value\":1},{\"Key\":\"8D71B3FF5DEE0800F05AEDFF\",\"Value\":1},{\"Key\":\"B748B3FFB6DC0800A581EDFF\",\"Value\":1},{\"Key\":\"6D21BAFF458608005A78F1FF\",\"Value\":1},{\"Key\":\"C9F8B6FFAD6B08007CA7F2FF\",\"Value\":1},{\"Key\":\"DD98B6FF41570800D583F2FF\",\"Value\":1},{\"Key\":\"ED94B6FFCB540800598DF2FF\",\"Value\":1},{\"Key\":\"D282B6FFBE4F08008087F2FF\",\"Value\":1},{\"Key\":\"3ECCB5FF150A08000E82F2FF\",\"Value\":1},{\"Key\":\"7883B5FF90F6070060A7F2FF\",\"Value\":1},{\"Key\":\"C173B5FF9EF60700708EF2FF\",\"Value\":1},{\"Key\":\"D156B5FF06E8070069EFF2FF\",\"Value\":1},{\"Key\":\"955DB5FF0AEA07000BE3F2FF\",\"Value\":1},{\"Key\":\"4DBFA3FFF76A0200006A3100\",\"Value\":1},{\"Key\":\"69B0A3FF6B6A0200E46D3100\",\"Value\":1},{\"Key\":\"78FEB1FF541B0800B8D0F0FF\",\"Value\":1},{\"Key\":\"0C27B3FF516E0800E4D4F0FF\",\"Value\":1},{\"Key\":\"A533B3FF5E6B0800DBDCF0FF\",\"Value\":1},{\"Key\":\"7360B7FF5C7D0800071CF0FF\",\"Value\":1},{\"Key\":\"E2BEB5FFBC890800784DEFFF\",\"Value\":1},{\"Key\":\"5C47B7FF7F7B0800E1A4F0FF\",\"Value\":1},{\"Key\":\"3853B7FF8D7B0800837CF0FF\",\"Value\":1},{\"Key\":\"CD3BB7FF8B7B0800E4B2F0FF\",\"Value\":1},{\"Key\":\"4077B7FFBA7B08003A29F0FF\",\"Value\":1},{\"Key\":\"6471B9FF218208005C37F1FF\",\"Value\":1},{\"Key\":\"55A1B9FFAD850800C142F1FF\",\"Value\":1},{\"Key\":\"814CB9FF48910800E0CFEFFF\",\"Value\":1},{\"Key\":\"6B75B9FF51850800610FF0FF\",\"Value\":1},{\"Key\":\"6596B9FFCA850800B830F0FF\",\"Value\":1},{\"Key\":\"3359B9FF7B8A080090ECEFFF\",\"Value\":1},{\"Key\":\"228AB9FFC3850800891DF0FF\",\"Value\":1},{\"Key\":\"4E4BB9FF918C08006CE1EFFF\",\"Value\":1},{\"Key\":\"8076B9FF0E7F0800514EF1FF\",\"Value\":1},{\"Key\":\"2C7DB9FFA0850800B321F1FF\",\"Value\":1},{\"Key\":\"9B87B9FFDB860800AD21F1FF\",\"Value\":1},{\"Key\":\"89A1B9FF178A0800A71FF1FF\",\"Value\":1},{\"Key\":\"614EB8FF548208002D4BEFFF\",\"Value\":1},{\"Key\":\"C456B8FF658208000737EFFF\",\"Value\":1},{\"Key\":\"ED7DB9FF2C870800B7C2F0FF\",\"Value\":1},{\"Key\":\"2788B9FF4F8908003FC7F0FF\",\"Value\":1},{\"Key\":\"146FB9FFA6830800C6ADF0FF\",\"Value\":1},{\"Key\":\"E147B8FF5C840800586BEFFF\",\"Value\":1},{\"Key\":\"303DB8FFF0820800C95FEFFF\",\"Value\":1},{\"Key\":\"5134B9FFD77E08009679F0FF\",\"Value\":1},{\"Key\":\"5342B9FF1D7F08002999F0FF\",\"Value\":1},{\"Key\":\"E925B9FFD77E0800A88DF0FF\",\"Value\":1},{\"Key\":\"180DB9FF937E0800228EF0FF\",\"Value\":1},{\"Key\":\"0827B9FFFC7F0800F1AFF0FF\",\"Value\":1},{\"Key\":\"5C1AB9FFA080080069BEF0FF\",\"Value\":1},{\"Key\":\"2129B9FFC8800800F4C9F0FF\",\"Value\":1},{\"Key\":\"7D0DB9FF76800800BBAEF0FF\",\"Value\":1},{\"Key\":\"D92EB9FF64810800E6E2F0FF\",\"Value\":1},{\"Key\":\"3B3DB9FFEE81080072DBF0FF\",\"Value\":1},{\"Key\":\"3526B9FFBC8008005CEFF0FF\",\"Value\":1},{\"Key\":\"A44BB9FFAB8208005508F1FF\",\"Value\":1},{\"Key\":\"124AB9FFE9820800F5F9F0FF\",\"Value\":1},{\"Key\":\"AE46B9FFB1810800691DF1FF\",\"Value\":1},{\"Key\":\"DE31B9FF498008005D1FF1FF\",\"Value\":1},{\"Key\":\"F286B9FF5D890800ACF2F0FF\",\"Value\":1},{\"Key\":\"2088B9FFC68808003908F1FF\",\"Value\":1},{\"Key\":\"B995B9FF5D8C08001FD8F0FF\",\"Value\":1},{\"Key\":\"928AD7FF752503007A634600\",\"Value\":1},{\"Key\":\"D3C1B9FF678F0800B017F1FF\",\"Value\":1},{\"Key\":\"DCBAB9FFBE880800B343F1FF\",\"Value\":1},{\"Key\":\"83D6BAFFB8760800CAE1F1FF\",\"Value\":3},{\"Key\":\"92CFA8FF2FEE0000DE9F2500\",\"Value\":1},{\"Key\":\"AD87B9FF15830800C875F0FF\",\"Value\":1},{\"Key\":\"EB94BAFF8E750800AD18F2FF\",\"Value\":1},{\"Key\":\"327CBAFF21780800C81AF2FF\",\"Value\":1},{\"Key\":\"BDB9B9FFE58E0800DD13F1FF\",\"Value\":1},{\"Key\":\"1E25BAFFA48D0800272CF1FF\",\"Value\":1},{\"Key\":\"ED21BAFF339108009B14F1FF\",\"Value\":1},{\"Key\":\"99D9B9FF839208008111F1FF\",\"Value\":1},{\"Key\":\"31AFBAFFFA7108005446F2FF\",\"Value\":1},{\"Key\":\"6529BAFF2E270800E5A0F3FF\",\"Value\":1},{\"Key\":\"30F8B9FF9C250800F18CF3FF\",\"Value\":1},{\"Key\":\"1E37BAFF042608004AC1F3FF\",\"Value\":1},{\"Key\":\"9F4CBAFF2526080064C0F3FF\",\"Value\":1},{\"Key\":\"5A2DBAFF0F2608000EC7F3FF\",\"Value\":1},{\"Key\":\"F549BAFFA126080086F1F3FF\",\"Value\":1},{\"Key\":\"CC5BBAFFA227080057F0F3FF\",\"Value\":1},{\"Key\":\"F25ABAFFE0260800F801F4FF\",\"Value\":1},{\"Key\":\"D2DAABFF56B20100DC122900\",\"Value\":1},{\"Key\":\"2D7BBAFF4C8208001E4FF1FF\",\"Value\":3},{\"Key\":\"6165BAFF898408007B42F1FF\",\"Value\":1},{\"Key\":\"3C05D7FFA70C0300809C4600\",\"Value\":1},{\"Key\":\"8870BAFFF17E0800B568F1FF\",\"Value\":1},{\"Key\":\"9666BAFFA07D08004B8DF1FF\",\"Value\":1},{\"Key\":\"C06DBAFFC37B0800C4D4F1FF\",\"Value\":1},{\"Key\":\"435EBAFF9F2A0800CC7DF3FF\",\"Value\":1},{\"Key\":\"ED65BAFF797D08003BA5F1FF\",\"Value\":1},{\"Key\":\"6AD8BAFF2C500800F53DF3FF\",\"Value\":1},{\"Key\":\"DDABBAFF924D0800D63AF3FF\",\"Value\":1},{\"Key\":\"D5A8BAFFF7450800634FF3FF\",\"Value\":1},{\"Key\":\"86E9B9FF59340800F53DF3FF\",\"Value\":1},{\"Key\":\"BE6DBAFF54800800985DF1FF\",\"Value\":1},{\"Key\":\"457FBAFFD5780800A6FBF1FF\",\"Value\":1},{\"Key\":\"8C6EBAFFBB790800CF12F2FF\",\"Value\":1},{\"Key\":\"3C5EB9FF9384080031ECF0FF\",\"Value\":1},{\"Key\":\"3553B9FFD77E08007F73F0FF\",\"Value\":3},{\"Key\":\"7A58B9FF447F0800EC8BF0FF\",\"Value\":1},{\"Key\":\"EA88BAFF49780800DFD6F1FF\",\"Value\":1},{\"Key\":\"FA6DBAFFFF7A080023E7F1FF\",\"Value\":1},{\"Key\":\"8088BAFFE5770800F2E2F1FF\",\"Value\":1},{\"Key\":\"8996BAFF2D76080054E4F1FF\",\"Value\":1},{\"Key\":\"D494BAFF077608009800F2FF\",\"Value\":1},{\"Key\":\"221BB9FFB17E0800A45DF0FF\",\"Value\":1},{\"Key\":\"A830B9FFD77E08006367F0FF\",\"Value\":1},{\"Key\":\"4DF6B8FF587D0800E25AF0FF\",\"Value\":1},{\"Key\":\"CDB9BAFF3A7208001508F2FF\",\"Value\":1},{\"Key\":\"087EBAFF602808001FD2F3FF\",\"Value\":1},{\"Key\":\"9D63B9FF9E8108006AA5F0FF\",\"Value\":1},{\"Key\":\"5B6EB9FF02800800387AF0FF\",\"Value\":1},{\"Key\":\"A640B9FFD77E0800505AF0FF\",\"Value\":1},{\"Key\":\"B38AD7FF9A29030048504600\",\"Value\":1},{\"Key\":\"3A43B9FFC181080082CAF0FF\",\"Value\":1},{\"Key\":\"354AB9FFA18008003CB0F0FF\",\"Value\":1},{\"Key\":\"D5F8B8FFEE7F0800BDB1F0FF\",\"Value\":1},{\"Key\":\"E0F7B8FFD9800800F5BBF0FF\",\"Value\":1},{\"Key\":\"81DFBAFF636608008FDAF2FF\",\"Value\":1},{\"Key\":\"D5B0E5FF6E0A0200A4B34500\",\"Value\":1},{\"Key\":\"C262B9FFED790800B761F1FF\",\"Value\":1},{\"Key\":\"8F2AB9FFC3800800F304F1FF\",\"Value\":1},{\"Key\":\"673DB9FF2E780800BF57F1FF\",\"Value\":1},{\"Key\":\"FA3EB9FF757B08008142F1FF\",\"Value\":1},{\"Key\":\"E224B9FF6E760800CF57F1FF\",\"Value\":1},{\"Key\":\"EB57ACFF4CA1050070A75A00\",\"Value\":1},{\"Key\":\"6F4FBAFFAE95080056C5F0FF\",\"Value\":1},{\"Key\":\"7DC7BAFF08660800D2D9F2FF\",\"Value\":1},{\"Key\":\"4DEBBAFF406A080048C0F2FF\",\"Value\":1},{\"Key\":\"8EE9BAFF936D080096A6F2FF\",\"Value\":1},{\"Key\":\"D7C5BAFFDB6C0800C4ACF2FF\",\"Value\":1},{\"Key\":\"8CB0BAFFD56C08003FA7F2FF\",\"Value\":1},{\"Key\":\"6EB5BAFF4F6E0800E29CF2FF\",\"Value\":1},{\"Key\":\"6235BAFFC78808009343F1FF\",\"Value\":1},{\"Key\":\"6040BAFF218608001851F1FF\",\"Value\":1},{\"Key\":\"9529BAFFC38A08006C3CF1FF\",\"Value\":1},{\"Key\":\"963EBAFF088408004075F1FF\",\"Value\":1},{\"Key\":\"7D47BAFFD3830800B862F1FF\",\"Value\":1},{\"Key\":\"A18BBAFFD67A0800E188F1FF\",\"Value\":1},{\"Key\":\"A397BAFFAD7B08001B81F1FF\",\"Value\":1},{\"Key\":\"3897BAFFF1790800009AF1FF\",\"Value\":1},{\"Key\":\"F0ADBAFFAB7B080017A5F1FF\",\"Value\":1},{\"Key\":\"8799BAFF5277080096C9F1FF\",\"Value\":1},{\"Key\":\"6CAFBAFFDD76080067CBF1FF\",\"Value\":1},{\"Key\":\"CDC5BAFFB6710800AD1AF2FF\",\"Value\":1},{\"Key\":\"47BCBAFF9A710800F535F2FF\",\"Value\":1},{\"Key\":\"1DD0BAFF8D7108008A2BF2FF\",\"Value\":1},{\"Key\":\"1ED9BAFF8E710800645BF2FF\",\"Value\":1},{\"Key\":\"53E1BAFF65710800286AF2FF\",\"Value\":1},{\"Key\":\"FBC5BAFF8E710800B465F2FF\",\"Value\":1},{\"Key\":\"6BE8BAFF587008000484F2FF\",\"Value\":1},{\"Key\":\"14D5BAFF1A710800427AF2FF\",\"Value\":1},{\"Key\":\"42F9BAFF396F0800738FF2FF\",\"Value\":1},{\"Key\":\"BD13BBFF796E0800148EF2FF\",\"Value\":1},{\"Key\":\"EE0FBBFF9F6B0800CAAAF2FF\",\"Value\":1},{\"Key\":\"3C2DBBFFDE6E0800AE8DF2FF\",\"Value\":1},{\"Key\":\"781EBBFFD06F0800707FF2FF\",\"Value\":1},{\"Key\":\"D334BBFFE27108009A76F2FF\",\"Value\":1},{\"Key\":\"565ABBFFFD750800E680F2FF\",\"Value\":1},{\"Key\":\"C445B7FF9B7C08008041F0FF\",\"Value\":1},{\"Key\":\"9452B7FFD77B08002349F0FF\",\"Value\":1},{\"Key\":\"E656B7FF7A7B0800C159F0FF\",\"Value\":1},{\"Key\":\"69F8BCFF0ED608005C60F2FF\",\"Value\":1},{\"Key\":\"1413BDFF08DE08000E4EF2FF\",\"Value\":1},{\"Key\":\"A349BDFF89E90800853AF2FF\",\"Value\":1},{\"Key\":\"67CABDFF92050900EBEFF1FF\",\"Value\":1},{\"Key\":\"B58FC3FFB5A305002CFD0600\",\"Value\":1},{\"Key\":\"B988C3FFB3A40500F9F30600\",\"Value\":1},{\"Key\":\"8D88C3FFA1A70500C9E00600\",\"Value\":1},{\"Key\":\"7C7DC3FFF7A2050015FE0600\",\"Value\":1},{\"Key\":\"3B69C3FFB3C60500F64C0600\",\"Value\":1},{\"Key\":\"9A48BEFFBBFC070089ABF9FF\",\"Value\":1},{\"Key\":\"D12FBEFF6CFB07006BAAF9FF\",\"Value\":1},{\"Key\":\"C504C3FF96E205008ECA0500\",\"Value\":1},{\"Key\":\"5BF5C2FFFAE3050006C30500\",\"Value\":1},{\"Key\":\"D7E4C2FF6AE40500B2B90500\",\"Value\":1},{\"Key\":\"EAE3C2FF47EB0500A4A50500\",\"Value\":1},{\"Key\":\"2FF1C2FF03F20500FC9C0500\",\"Value\":1},{\"Key\":\"65DCC2FFB6EF050056920500\",\"Value\":1},{\"Key\":\"6FC7C2FFD1E70500CF990500\",\"Value\":1},{\"Key\":\"42C7C2FF51EE05004F860500\",\"Value\":1},{\"Key\":\"4CCAC2FF90E10500C7AF0500\",\"Value\":1},{\"Key\":\"C7BFC2FF9EE6050088980500\",\"Value\":1},{\"Key\":\"6088BEFF86D40700F981FAFF\",\"Value\":1},{\"Key\":\"F283BEFFE4CE0700BF9DFAFF\",\"Value\":1},{\"Key\":\"ADD7C2FFE9D605003FD40500\",\"Value\":1},{\"Key\":\"3F06C3FF701A06008E320500\",\"Value\":1},{\"Key\":\"5509C3FFC7250600E50C0500\",\"Value\":1},{\"Key\":\"D603C3FFB62906005AFC0400\",\"Value\":1},{\"Key\":\"50F6C2FFE42E060069EA0400\",\"Value\":1},{\"Key\":\"8500C3FF643606009ADA0400\",\"Value\":1},{\"Key\":\"F004C3FF963D060041CB0400\",\"Value\":1},{\"Key\":\"4628C3FFED4106001CC40400\",\"Value\":1},{\"Key\":\"6809C3FFFD4606005FB70400\",\"Value\":1},{\"Key\":\"921FC3FF764C0600E7AB0400\",\"Value\":1},{\"Key\":\"001DC3FFAD530600CC9C0400\",\"Value\":1},{\"Key\":\"B20BC3FFE0580600DF910400\",\"Value\":1},{\"Key\":\"2031C3FFAE610600B97C0400\",\"Value\":1},{\"Key\":\"8909C3FFFC5C0600AD880400\",\"Value\":1},{\"Key\":\"0808C3FF7966060030730400\",\"Value\":1},{\"Key\":\"0116BFFF67640700F0FAFBFF\",\"Value\":1},{\"Key\":\"720AC3FFB750060077A30400\",\"Value\":1},{\"Key\":\"3B02C3FF0D6A0600826A0400\",\"Value\":1},{\"Key\":\"07F7C2FFC8690600866A0400\",\"Value\":1},{\"Key\":\"B0E4C2FF536C060003620400\",\"Value\":1},{\"Key\":\"BEE5C2FF48730600C8500400\",\"Value\":1},{\"Key\":\"9AEEC2FFE7780600D1430400\",\"Value\":1},{\"Key\":\"29F6C2FF5C7506008F4D0400\",\"Value\":1},{\"Key\":\"A8BBC2FF2B80060006330400\",\"Value\":1},{\"Key\":\"33BCC2FF278C0600CF190400\",\"Value\":1},{\"Key\":\"AAA8C2FF3B9B0600B4000400\",\"Value\":1},{\"Key\":\"B0A0C2FF46A3060042F30300\",\"Value\":1},{\"Key\":\"7F96C2FFC9A6060002EE0300\",\"Value\":1},{\"Key\":\"9AACC2FF7EAC06009FDE0300\",\"Value\":1},{\"Key\":\"BE7AC2FF8DC30600CE6B0300\",\"Value\":1},{\"Key\":\"2B7FC2FF4DCF0600403E0300\",\"Value\":1},{\"Key\":\"5A7DC2FF44D20600B82F0300\",\"Value\":1},{\"Key\":\"4875C2FF74D6060047180300\",\"Value\":1},{\"Key\":\"4B8EC2FFF6DA0600EFFF0200\",\"Value\":1},{\"Key\":\"898FC2FFB7DD0600BCE70200\",\"Value\":1},{\"Key\":\"CCA6C2FFF7DF0600B8D80200\",\"Value\":1},{\"Key\":\"FA8DC2FF78DF0600BDCE0200\",\"Value\":1},{\"Key\":\"F2AAC2FFB5E0060031CF0200\",\"Value\":1},{\"Key\":\"39A3C2FF2BDF0600ECB30200\",\"Value\":1},{\"Key\":\"1623C3FF050907007BB30000\",\"Value\":1},{\"Key\":\"951EC3FF5E090700D1BE0000\",\"Value\":1},{\"Key\":\"F7FCC1FFD8DC0600266D0200\",\"Value\":1},{\"Key\":\"52F6C1FF04DD060058800200\",\"Value\":1},{\"Key\":\"0C1CC2FF47DB06002F830200\",\"Value\":1},{\"Key\":\"4E27C2FFC8DA060099980200\",\"Value\":1},{\"Key\":\"7DE9C1FF2DDD060073840200\",\"Value\":1},{\"Key\":\"32D5C1FF28DB0600EBA80200\",\"Value\":1},{\"Key\":\"72B1C1FF16D7060050B60200\",\"Value\":1},{\"Key\":\"7FA0C1FF05D306006DC10200\",\"Value\":1},{\"Key\":\"CCA0C1FF50D50600D1B40200\",\"Value\":1},{\"Key\":\"4186C1FFDED3060058A90200\",\"Value\":1},{\"Key\":\"B785C1FF4BCF06002BC00200\",\"Value\":1},{\"Key\":\"F3C5C1FFAED6060079C60200\",\"Value\":1},{\"Key\":\"6E8BC1FF30CB0600E6E20200\",\"Value\":1},{\"Key\":\"DB9BC1FF1CC406007E2E0300\",\"Value\":1},{\"Key\":\"467EC1FF74BB0600E5600300\",\"Value\":1},{\"Key\":\"667BC1FF2CBF0600AF430300\",\"Value\":1},{\"Key\":\"656BC1FF28B806007F6B0300\",\"Value\":1},{\"Key\":\"257FC1FF5FB70600047A0300\",\"Value\":1},{\"Key\":\"2B64C1FF187F0600A07C0400\",\"Value\":1},{\"Key\":\"7B51C1FF5F770600E4910400\",\"Value\":1},{\"Key\":\"B759C1FFD956060089C90400\",\"Value\":1},{\"Key\":\"508AC1FF824B06001DCB0400\",\"Value\":1},{\"Key\":\"6494C1FF53320600D3FE0400\",\"Value\":1},{\"Key\":\"9194C1FF823C0600AFE60400\",\"Value\":1},{\"Key\":\"4395C1FFB92B0600CD0F0500\",\"Value\":1},{\"Key\":\"6EADC1FF642806005C100500\",\"Value\":1},{\"Key\":\"BFACC1FFC41F0600602A0500\",\"Value\":1},{\"Key\":\"E293C1FFE1210600182E0500\",\"Value\":1},{\"Key\":\"7EC3C1FFEA0F0600B6500500\",\"Value\":1},{\"Key\":\"6397C1FF841C0600DB3E0500\",\"Value\":1},{\"Key\":\"DAE1C1FFC70B06007C4C0500\",\"Value\":1},{\"Key\":\"5CCCC1FF4F080600C6650500\",\"Value\":1},{\"Key\":\"42EAC1FFD506060001580500\",\"Value\":1},{\"Key\":\"4AE5C1FF57F60500B09C0500\",\"Value\":1},{\"Key\":\"5603C2FF81EC050008AD0500\",\"Value\":1},{\"Key\":\"B90FC2FF2AEA0500D2AB0500\",\"Value\":1},{\"Key\":\"1804C2FFDFE00500BBF50500\",\"Value\":1},{\"Key\":\"6501C2FF2BDE05009F100600\",\"Value\":1},{\"Key\":\"2DEBC1FF1CE40500C20E0600\",\"Value\":1},{\"Key\":\"0A18C2FFADD905001A020600\",\"Value\":1},{\"Key\":\"D796C2FFEE8C050027EA0700\",\"Value\":1},{\"Key\":\"43EDC2FF326705002D820900\",\"Value\":1},{\"Key\":\"C4EFC2FF2C6E0500836B0900\",\"Value\":1},{\"Key\":\"EC0FC3FF6F7F0500E7390900\",\"Value\":1},{\"Key\":\"84CDC6FF6D5F05001D880C00\",\"Value\":1},{\"Key\":\"9044C7FFF87F0500427D0C00\",\"Value\":1},{\"Key\":\"0F6FC7FF8C940500687B0C00\",\"Value\":1},{\"Key\":\"EF01C8FF0AD60500054A0C00\",\"Value\":1},{\"Key\":\"33C4C7FF57BC0500BCC30C00\",\"Value\":1},{\"Key\":\"6CFBC5FF8FD3040030DD0D00\",\"Value\":1},{\"Key\":\"AEEEC5FF8FD304006FEA0D00\",\"Value\":1},{\"Key\":\"FA80C3FF396405000B780A00\",\"Value\":1},{\"Key\":\"6852C3FF066305000D6B0A00\",\"Value\":1},{\"Key\":\"2257C3FF9662050060610A00\",\"Value\":1},{\"Key\":\"3340C3FF115F05004E290A00\",\"Value\":1},{\"Key\":\"6732C3FFE85E0500CE220A00\",\"Value\":1},{\"Key\":\"02F6C2FFEE610500C49C0900\",\"Value\":1},{\"Key\":\"6A32C3FFB35D0500E60F0A00\",\"Value\":1},{\"Key\":\"3825C3FFEB790500B45C0900\",\"Value\":1},{\"Key\":\"B229C3FF7E7D05006E510900\",\"Value\":1},{\"Key\":\"8BDEC2FF645D050054A70900\",\"Value\":1},{\"Key\":\"F9DCC2FF12620500158E0900\",\"Value\":1},{\"Key\":\"FB1FC3FFAF810500F8390900\",\"Value\":1},{\"Key\":\"D120C3FF9F860500E6210900\",\"Value\":1},{\"Key\":\"56D3C2FF3D6B050069670900\",\"Value\":1},{\"Key\":\"F3F0C2FF687B0500E23A0900\",\"Value\":1},{\"Key\":\"C704C3FF2085050017170900\",\"Value\":1},{\"Key\":\"0209C3FFEB870500A9090900\",\"Value\":1},{\"Key\":\"A1F7C2FF72860500AB080900\",\"Value\":1},{\"Key\":\"4432C3FF97870500D5290900\",\"Value\":1},{\"Key\":\"31F8C2FF66760500D5510900\",\"Value\":1},{\"Key\":\"DCE4C2FFFF72050006550900\",\"Value\":1},{\"Key\":\"FED3C2FF648A050001CD0800\",\"Value\":1},{\"Key\":\"ECBFC2FF148C0500A1920800\",\"Value\":1},{\"Key\":\"DEA2C2FF508A050008710800\",\"Value\":1},{\"Key\":\"0FA9C2FF708B0500E95E0800\",\"Value\":1},{\"Key\":\"E78EC2FF2289050088550800\",\"Value\":1},{\"Key\":\"CBA1C2FFC48A0500B5420800\",\"Value\":1},{\"Key\":\"0497C2FFB68905001F410800\",\"Value\":1},{\"Key\":\"A48DC2FF438805005D1F0800\",\"Value\":1},{\"Key\":\"B08DC2FF628805005F6D0800\",\"Value\":1},{\"Key\":\"287CC2FF4A960500105D0700\",\"Value\":1},{\"Key\":\"A37BC2FFBC9805009E4A0700\",\"Value\":1},{\"Key\":\"A197C2FF0398050082490700\",\"Value\":1},{\"Key\":\"E17AC2FF4F9B0500FD380700\",\"Value\":1},{\"Key\":\"D693C2FF679A0500F8340700\",\"Value\":1},{\"Key\":\"AD8FC2FF749B0500872C0700\",\"Value\":1},{\"Key\":\"1586C2FF569C0500922A0700\",\"Value\":1},{\"Key\":\"267DC2FF919E0500E1190700\",\"Value\":1},{\"Key\":\"316EC2FFFDA10500D5070700\",\"Value\":1},{\"Key\":\"E181C2FFC79F0500DAFB0600\",\"Value\":1},{\"Key\":\"716FC2FF03A3050079F40600\",\"Value\":1},{\"Key\":\"0A7CC2FFE3A00500BAF20600\",\"Value\":1},{\"Key\":\"9D59C2FF4EAA05009BD50600\",\"Value\":1},{\"Key\":\"166EC2FFA3A4050098CE0600\",\"Value\":1},{\"Key\":\"0884C2FF749F05008ECD0600\",\"Value\":1},{\"Key\":\"5660C2FFFAA905001AC70600\",\"Value\":1},{\"Key\":\"2769C2FFF3A80500B1B90600\",\"Value\":1},{\"Key\":\"CD7BC2FF0BA40500BBB10600\",\"Value\":1},{\"Key\":\"006EC2FFCDAA05006FA80600\",\"Value\":1},{\"Key\":\"7932C2FF8AD10500D0020600\",\"Value\":1},{\"Key\":\"7067C2FFBEA50500ADDB0600\",\"Value\":1},{\"Key\":\"457EC2FFB3A005003DE10600\",\"Value\":1},{\"Key\":\"0D43C3FF675E050090DA0900\",\"Value\":1},{\"Key\":\"6D67C2FFFA860500000F0800\",\"Value\":1},{\"Key\":\"6B71C2FFF38705007C090800\",\"Value\":1},{\"Key\":\"3D79C2FFC0860500B81D0800\",\"Value\":1},{\"Key\":\"5B5FC2FF37840500482D0800\",\"Value\":1},{\"Key\":\"AA5AC2FFAE830500D5430800\",\"Value\":1},{\"Key\":\"D046C2FF7D8105005A5E0800\",\"Value\":1},{\"Key\":\"0D27C2FFC67E05003D6E0800\",\"Value\":1},{\"Key\":\"FFEDC2FF0093050019050700\",\"Value\":1},{\"Key\":\"0BC9C2FF5498050049230700\",\"Value\":1},{\"Key\":\"B6BFC2FFAC9805008E290700\",\"Value\":1},{\"Key\":\"70ABC2FFF198050029370700\",\"Value\":1},{\"Key\":\"CC68C2FFEE8E050089D70700\",\"Value\":1},{\"Key\":\"BEA0C2FF2B970500F34E0700\",\"Value\":1},{\"Key\":\"28C7C2FF72980500C6160700\",\"Value\":1},{\"Key\":\"91F3C2FF10930500D10E0700\",\"Value\":1},{\"Key\":\"15BBC2FF5998050018350700\",\"Value\":1},{\"Key\":\"5C6CC2FF0F940500427A0700\",\"Value\":1},{\"Key\":\"DF09C3FFBB8E050074E00600\",\"Value\":1},{\"Key\":\"D010C3FF258E050061EC0600\",\"Value\":1},{\"Key\":\"9905C3FF1F8F05001AFA0600\",\"Value\":1},{\"Key\":\"9C70C2FF4B710500D71A0900\",\"Value\":1},{\"Key\":\"4267C2FF206F05006E1D0900\",\"Value\":1},{\"Key\":\"6C54C2FFC4790500B0CC0800\",\"Value\":1},{\"Key\":\"4DB1C2FFA47405003B330900\",\"Value\":1},{\"Key\":\"587DC2FF186C050070390900\",\"Value\":1},{\"Key\":\"D3C0C2FFC7740500183B0900\",\"Value\":1},{\"Key\":\"C2C9C2FF6E710500074D0900\",\"Value\":1},{\"Key\":\"9091C2FFAC7705000D130900\",\"Value\":1},{\"Key\":\"A058C2FF8A6A050065250900\",\"Value\":1},{\"Key\":\"3E91C2FF6A720500912B0900\",\"Value\":1},{\"Key\":\"B309A4FF9B6A02009B9B3100\",\"Value\":1},{\"Key\":\"152ACBFF729806004AFE0B00\",\"Value\":1},{\"Key\":\"9931CBFF04980600A10B0C00\",\"Value\":1},{\"Key\":\"3426A4FF666B0200EF8F3100\",\"Value\":1},{\"Key\":\"EE75A4FFB26B02007EF83100\",\"Value\":1},{\"Key\":\"7EA8A4FF9F790200203E3200\",\"Value\":1},{\"Key\":\"01A2A4FF037A0200EE4C3200\",\"Value\":1},{\"Key\":\"BCBCC8FF4E050600751F2000\",\"Value\":1},{\"Key\":\"94FCABFF74B801000F152900\",\"Value\":1},{\"Key\":\"874DACFF41BF0100C9122900\",\"Value\":1},{\"Key\":\"689EABFFEA99010046F52800\",\"Value\":1},{\"Key\":\"02BFABFFF0A301001AF72800\",\"Value\":1},{\"Key\":\"B2D1ABFFDBAC010040052900\",\"Value\":1},{\"Key\":\"406EAEFF284D0200DEB52A00\",\"Value\":1},{\"Key\":\"D387AEFFC85002001CC72A00\",\"Value\":1},{\"Key\":\"F141B2FFE2A5040006A94100\",\"Value\":1},{\"Key\":\"7940AEFF6FD60500A3595600\",\"Value\":1},{\"Key\":\"1B4CAFFF3ECD0500570F5500\",\"Value\":1},{\"Key\":\"7390AEFFA9D405001FC85500\",\"Value\":1},{\"Key\":\"DB90AEFF85D60500A4D95500\",\"Value\":1},{\"Key\":\"7621ACFF59960500D2C05A00\",\"Value\":1},{\"Key\":\"EE0EB0FF0713060020195700\",\"Value\":1},{\"Key\":\"E18DB0FF022B0600DBFF5700\",\"Value\":1},{\"Key\":\"649DB0FF743006007B675800\",\"Value\":1},{\"Key\":\"8B07B0FF27180600803F5700\",\"Value\":1},{\"Key\":\"FFAFB0FFFE3006003C6D5800\",\"Value\":1},{\"Key\":\"7F13B0FFCC200600B3CE5700\",\"Value\":1},{\"Key\":\"5914B0FF3D220600D7DA5700\",\"Value\":1},{\"Key\":\"5BD9AEFF92220600C2985800\",\"Value\":1},{\"Key\":\"03E6AEFFF4220600C5AF5800\",\"Value\":1},{\"Key\":\"F2B1AEFF6F2006004ED15800\",\"Value\":1},{\"Key\":\"75ACAEFF9420060066E05800\",\"Value\":1},{\"Key\":\"069EAEFF8E1F060002DB5800\",\"Value\":1},{\"Key\":\"1EE7ABFF4095050018B95B00\",\"Value\":1},{\"Key\":\"D440ACFF249C050081CA5A00\",\"Value\":1},{\"Key\":\"4399ABFF72950500FADB5B00\",\"Value\":1},{\"Key\":\"D3E7ABFF48A205001F295C00\",\"Value\":1},{\"Key\":\"A5BBABFF67A1050083355C00\",\"Value\":1},{\"Key\":\"24EBABFFE9BC0500C17E5C00\",\"Value\":1},{\"Key\":\"EADDABFFD6BC0500568F5C00\",\"Value\":1},{\"Key\":\"DF06ACFF2FCC05006BD75C00\",\"Value\":1},{\"Key\":\"6449ACFF4CC0050071565C00\",\"Value\":1},{\"Key\":\"1568ACFF80D30500D0B95C00\",\"Value\":1},{\"Key\":\"5BD3D8FF927402009C7F4B00\",\"Value\":1},{\"Key\":\"7D3EACFF8DC50500C96F5C00\",\"Value\":1},{\"Key\":\"249CACFF81D005004D645C00\",\"Value\":1},{\"Key\":\"93A9ACFF48CF0500FA565C00\",\"Value\":1},{\"Key\":\"D325ACFF74BD0500195C5C00\",\"Value\":1},{\"Key\":\"B51DACFFE6BE050010655C00\",\"Value\":1},{\"Key\":\"15AAABFFDDAC0500CC625C00\",\"Value\":1},{\"Key\":\"1116ACFF04BF0500DC695C00\",\"Value\":1},{\"Key\":\"87CAACFF88D105008F525C00\",\"Value\":1},{\"Key\":\"92B8ACFFE1D50500A76F5C00\",\"Value\":1},{\"Key\":\"BFFEABFFA2BA0500FD645C00\",\"Value\":1},{\"Key\":\"0E13ACFF56B80500684E5C00\",\"Value\":1},{\"Key\":\"6681ACFFF9CA05001C545C00\",\"Value\":1},{\"Key\":\"6B5EACFF75BF05006F445C00\",\"Value\":1},{\"Key\":\"DB43ADFFC2EB050059495C00\",\"Value\":1},{\"Key\":\"C02BADFFD1DD0500D72F5C00\",\"Value\":1},{\"Key\":\"E454ACFF5CB80500592E5C00\",\"Value\":1},{\"Key\":\"EFEBACFFE7CF0500E52C5C00\",\"Value\":1},{\"Key\":\"FB46ADFF6CE0050059195C00\",\"Value\":1},{\"Key\":\"D35FADFFACE6050033105C00\",\"Value\":1},{\"Key\":\"F401ADFF73D005008F1A5C00\",\"Value\":1},{\"Key\":\"CE32ACFF89AF0500AB185C00\",\"Value\":1},{\"Key\":\"ED28ACFF72A90500560E5C00\",\"Value\":1},{\"Key\":\"A5C8ABFF6AB50500AF795C00\",\"Value\":1},{\"Key\":\"E75AABFFF0A405002A565C00\",\"Value\":3},{\"Key\":\"564EABFF6E9D0500F2355C00\",\"Value\":1},{\"Key\":\"48D0DAFF7CF30A007FA10400\",\"Value\":1},{\"Key\":\"0397D7FFDC280300A3574600\",\"Value\":1},{\"Key\":\"11E0ABFF72950500783B5A00\",\"Value\":1},{\"Key\":\"6E86ACFFA7A0050076E55A00\",\"Value\":1},{\"Key\":\"98D6ABFF7295050033365A00\",\"Value\":1},{\"Key\":\"16BAE5FFCD04020026C84500\",\"Value\":1},{\"Key\":\"FFA0ACFF99BD0500D5425A00\",\"Value\":1},{\"Key\":\"8F96ACFF33BB0500143E5A00\",\"Value\":1},{\"Key\":\"DFD2D7FF28010300626C4700\",\"Value\":1},{\"Key\":\"19AAE5FF82030200D3BE4500\",\"Value\":1},{\"Key\":\"F178D7FFE6290300EF424600\",\"Value\":1},{\"Key\":\"84FBAAFFE3940500DD8C5B00\",\"Value\":1},{\"Key\":\"52CDAAFF059105007FFB5B00\",\"Value\":1},{\"Key\":\"5009ACFF11D10500B8F75C00\",\"Value\":3},{\"Key\":\"73AAACFF20C80500511C5C00\",\"Value\":1},{\"Key\":\"70F0ACFF1ECB0500B3F25B00\",\"Value\":1},{\"Key\":\"0336ACFFFBC505005F785C00\",\"Value\":1},{\"Key\":\"B64BACFFECC8050046785C00\",\"Value\":1},{\"Key\":\"C033ACFF17C90500608F5C00\",\"Value\":1},{\"Key\":\"AF5EE7FFF25001007A244A00\",\"Value\":1},{\"Key\":\"1FE6ABFFDFC9050063E15C00\",\"Value\":1},{\"Key\":\"8C39ACFFF2D905005D0F5D00\",\"Value\":1},{\"Key\":\"9428ACFF49C4050063795C00\",\"Value\":1},{\"Key\":\"D47CABFF2FA105003A455C00\",\"Value\":1},{\"Key\":\"97E9ABFF69B405003B595C00\",\"Value\":1},{\"Key\":\"21F2ABFF99B305007C505C00\",\"Value\":1},{\"Key\":\"5C8EACFF78D405004E825C00\",\"Value\":3},{\"Key\":\"6FA0ACFF93AD0500EDAD5B00\",\"Value\":1},{\"Key\":\"3AD6ACFFE7C40500A6D45B00\",\"Value\":1},{\"Key\":\"B1ABACFFC2A905004E7E5B00\",\"Value\":1},{\"Key\":\"B813ACFF61AD05000D245C00\",\"Value\":1},{\"Key\":\"EA1BACFFF8B00500A8295C00\",\"Value\":1},{\"Key\":\"4A99ACFF6CA6050020985B00\",\"Value\":3},{\"Key\":\"BD08ADFFEAC705002F905B00\",\"Value\":1},{\"Key\":\"1EBBACFF11B10500C7535B00\",\"Value\":1},{\"Key\":\"DE5DABFF7295050094C45B00\",\"Value\":1},{\"Key\":\"E379ABFF3F950500B8B65B00\",\"Value\":1},{\"Key\":\"5734ABFFA8B9050011EA5C00\",\"Value\":1},{\"Key\":\"1B2BABFF20B805009AE55C00\",\"Value\":1},{\"Key\":\"D217ABFF5AB20500DFCF5C00\",\"Value\":1},{\"Key\":\"430EABFF74B005009FC85C00\",\"Value\":1},{\"Key\":\"CC21ABFFECAE05001BB85C00\",\"Value\":1},{\"Key\":\"171DABFFC5BB050058FE5C00\",\"Value\":1},{\"Key\":\"352AABFF96C105008D1D5D00\",\"Value\":1},{\"Key\":\"FB7BAAFF5EDA0500F1045F00\",\"Value\":1},{\"Key\":\"7F0DABFF45BD0500210E5D00\",\"Value\":1},{\"Key\":\"360CABFF1BC205000D2C5D00\",\"Value\":1},{\"Key\":\"5825ABFF21C605009D395D00\",\"Value\":1},{\"Key\":\"2AFDAAFF59E80500ADA85E00\",\"Value\":1},{\"Key\":\"69FBAAFFDDE7050097BC5E00\",\"Value\":1},{\"Key\":\"FF5EACFF8CBF050076426000\",\"Value\":1},{\"Key\":\"2D7EADFF2A9605001D256200\",\"Value\":1},{\"Key\":\"4F77ADFF2A9605002A3F6200\",\"Value\":1},{\"Key\":\"BE20B0FF9D5605003B8B6800\",\"Value\":1},{\"Key\":\"9B3CB0FF9D560500C7896800\",\"Value\":1},{\"Key\":\"DB56B3FF02420500A4D56500\",\"Value\":1},{\"Key\":\"8848B3FF324005007FEF6500\",\"Value\":1},{\"Key\":\"6062B2FF5F3C050025066800\",\"Value\":1},{\"Key\":\"A261B2FF253C05002E106800\",\"Value\":1},{\"Key\":\"ABA5B2FFE43B0500179E6700\",\"Value\":1},{\"Key\":\"2CB2B2FF3B3F050068896700\",\"Value\":1},{\"Key\":\"8CBCB2FFA33E0500609C6700\",\"Value\":1},{\"Key\":\"A1B4B2FF74380500AABC6700\",\"Value\":1},{\"Key\":\"7CD6B2FF0B3805001AEA6700\",\"Value\":1},{\"Key\":\"52D6B2FF7A370500A6F26700\",\"Value\":1},{\"Key\":\"22BCB2FF7C37050088FE6700\",\"Value\":1},{\"Key\":\"7EB4B2FF23380500F7F76700\",\"Value\":1},{\"Key\":\"85DDB2FFF3300500D00F6800\",\"Value\":1},{\"Key\":\"18ECB2FF662B050089156800\",\"Value\":1},{\"Key\":\"EEFDB2FF7429050030036800\",\"Value\":1},{\"Key\":\"20EDB2FF4C38050029C96700\",\"Value\":1},{\"Key\":\"97E1B2FF6C38050091C96700\",\"Value\":1},{\"Key\":\"8F26B3FFB322050010E66700\",\"Value\":1},{\"Key\":\"5537B3FFF6100500FE026800\",\"Value\":1},{\"Key\":\"973FB3FF0909050023116800\",\"Value\":1},{\"Key\":\"A253B3FF060A0500ABFB6700\",\"Value\":1},{\"Key\":\"45B3B2FF8B150500927E6800\",\"Value\":1},{\"Key\":\"25CBB2FFED240500195E6800\",\"Value\":1},{\"Key\":\"1827B3FF8113050093126800\",\"Value\":1},{\"Key\":\"5855B3FF9CF504002D2A6800\",\"Value\":1},{\"Key\":\"1D69B3FFDBEB04007B196800\",\"Value\":1},{\"Key\":\"8674B3FFD0DF040019246800\",\"Value\":1},{\"Key\":\"4141B2FF8D41050038026800\",\"Value\":1},{\"Key\":\"8642B2FF0E3905005C666700\",\"Value\":1},{\"Key\":\"F429B2FF74380500B36C6700\",\"Value\":1},{\"Key\":\"1484B2FFB3380500F8EE6700\",\"Value\":1},{\"Key\":\"9992B2FF75380500E4F76700\",\"Value\":1},{\"Key\":\"7E7DB2FFB8390500E0016800\",\"Value\":1},{\"Key\":\"166AB2FFF83A0500D1F56700\",\"Value\":1},{\"Key\":\"FC57B2FFD5380500672F6800\",\"Value\":1},{\"Key\":\"1A53B2FF673705004E376800\",\"Value\":1},{\"Key\":\"1EB3B2FF4B40050050556700\",\"Value\":1},{\"Key\":\"E3D0B2FF58400500D6736700\",\"Value\":1},{\"Key\":\"DB7AB2FF0E3E0500A0736700\",\"Value\":1},{\"Key\":\"F8EDB2FF853D0500C6576700\",\"Value\":1},{\"Key\":\"F8E7B2FF2E400500A0746700\",\"Value\":1},{\"Key\":\"9C0CB3FFA23F05002D766700\",\"Value\":1},{\"Key\":\"1D19B3FF423A0500EB486700\",\"Value\":1},{\"Key\":\"1F0AB3FFE8390500913A6700\",\"Value\":1},{\"Key\":\"7349B3FF87390500D8216700\",\"Value\":1},{\"Key\":\"8F45B3FF5239050031436700\",\"Value\":1},{\"Key\":\"614FB3FF88380500A85A6700\",\"Value\":1},{\"Key\":\"4064B3FFF636050052476700\",\"Value\":1},{\"Key\":\"E03DB3FFC9390500D14C6700\",\"Value\":1},{\"Key\":\"A549B3FF49390500C2776700\",\"Value\":1},{\"Key\":\"BE70B3FF652D05006D676700\",\"Value\":1},{\"Key\":\"EE67B3FF802A0500C17F6700\",\"Value\":1},{\"Key\":\"E683B3FF4C2F05008D466700\",\"Value\":1},{\"Key\":\"C670B3FFB2360500392E6700\",\"Value\":1},{\"Key\":\"8527B3FF493E0500BA746700\",\"Value\":1},{\"Key\":\"D731B3FF5F3D050020806700\",\"Value\":1},{\"Key\":\"F214B3FFFF3E0500AE9C6700\",\"Value\":1},{\"Key\":\"53F5B2FFDB3F05005AB76700\",\"Value\":1},{\"Key\":\"0FE3B2FF304005001DAA6700\",\"Value\":1},{\"Key\":\"ED42B2FFFA390500D4BB6700\",\"Value\":1},{\"Key\":\"4523B2FF463D050029C16700\",\"Value\":1},{\"Key\":\"2828B2FFB43A0500C4AF6700\",\"Value\":1},{\"Key\":\"DE0BB2FF443E05003FBA6700\",\"Value\":1},{\"Key\":\"1B5DB2FF0940050081E26600\",\"Value\":1},{\"Key\":\"79CBB2FF87390500DDFB6600\",\"Value\":1},{\"Key\":\"D552B2FFB83E0500694B6700\",\"Value\":1},{\"Key\":\"EB48B2FF9D3F0500FC206700\",\"Value\":1},{\"Key\":\"B667B2FF5A4005009C366700\",\"Value\":1},{\"Key\":\"8F66B2FF5A40050055136700\",\"Value\":1},{\"Key\":\"8051B2FF40400500CF0C6700\",\"Value\":1},{\"Key\":\"706AB2FF5A400500F31E6700\",\"Value\":1},{\"Key\":\"705EB2FF5A4005000D216700\",\"Value\":1},{\"Key\":\"5057B2FFE83F050030436700\",\"Value\":1},{\"Key\":\"CA5CE7FF225001002F5D4A00\",\"Value\":1},{\"Key\":\"9C45E7FF55510100B31B4A00\",\"Value\":1},{\"Key\":\"7F42E7FF22500100895B4A00\",\"Value\":1},{\"Key\":\"6041E7FF2250010091534A00\",\"Value\":1},{\"Key\":\"E851E7FF225001008D4A4A00\",\"Value\":1},{\"Key\":\"343DE7FF22500100423B4A00\",\"Value\":1},{\"Key\":\"2153E7FF3E500100FC324A00\",\"Value\":1},{\"Key\":\"4CA7E5FF1C160200E6944500\",\"Value\":1},{\"Key\":\"32A4E5FFE81B02003D844500\",\"Value\":1},{\"Key\":\"8C98E5FF37EE01006DEA4500\",\"Value\":1},{\"Key\":\"7F06D7FF1C0D030047A74600\",\"Value\":1},{\"Key\":\"2B03E7FF1DA5020034C24400\",\"Value\":1},{\"Key\":\"6A65E9FF2BEF0200F7954400\",\"Value\":3},{\"Key\":\"9E25E7FF5FF00200A0544300\",\"Value\":1},{\"Key\":\"1834E7FF8FED0200406D4300\",\"Value\":1},{\"Key\":\"3E37E7FFFDF50200A43F4300\",\"Value\":1},{\"Key\":\"3232E7FFC13C0300A1BB4100\",\"Value\":1},{\"Key\":\"240EEAFFEFD7040098693E00\",\"Value\":1},{\"Key\":\"5024EAFFFFDA0400947D3E00\",\"Value\":1},{\"Key\":\"4FD0E7FFD01F04008E1B3C00\",\"Value\":1},{\"Key\":\"94B3E7FF7C1B04007D093C00\",\"Value\":1},{\"Key\":\"60E3DCFFFCD00400D9A93500\",\"Value\":1},{\"Key\":\"22D6DCFF2DD40400CBB43500\",\"Value\":1},{\"Key\":\"71D6DCFF7FD2040071BD3500\",\"Value\":1},{\"Key\":\"3218DDFFA6CD040082BC3500\",\"Value\":1},{\"Key\":\"62F8DCFF7CD1040045993500\",\"Value\":1},{\"Key\":\"0902DDFF80D1040072923500\",\"Value\":1},{\"Key\":\"420CDDFFC3D10400E1853500\",\"Value\":1},{\"Key\":\"0231DDFFA3CB0400B0C53500\",\"Value\":1},{\"Key\":\"9D0DDDFF7AD104009D923500\",\"Value\":1},{\"Key\":\"E081DAFFAAE7040034533500\",\"Value\":1},{\"Key\":\"0E3DDAFFAAE7040036143600\",\"Value\":1},{\"Key\":\"6C2ADBFF4CE1040042683600\",\"Value\":1},{\"Key\":\"F188E0FF2746050026102B00\",\"Value\":1},{\"Key\":\"5EEAE1FF103E050070B32A00\",\"Value\":1},{\"Key\":\"DAEAE1FF543D050079C12A00\",\"Value\":1},{\"Key\":\"0F0CE2FF7A3D050092BC2A00\",\"Value\":1},{\"Key\":\"46B8E1FF514605008C642A00\",\"Value\":1},{\"Key\":\"3675E1FFFB4F0500BA3E2A00\",\"Value\":1},{\"Key\":\"2775E1FFD1520500C7332A00\",\"Value\":1},{\"Key\":\"EA5EE1FFCF560500112A2A00\",\"Value\":1},{\"Key\":\"1E61E1FF215A05003C1F2A00\",\"Value\":1},{\"Key\":\"725EE1FFF650050024402A00\",\"Value\":1},{\"Key\":\"F265E1FF556105002F0A2A00\",\"Value\":1},{\"Key\":\"0B4FE1FF516205006E0A2A00\",\"Value\":1},{\"Key\":\"7636E1FFB4640500E5092A00\",\"Value\":1},{\"Key\":\"6432E1FF9B5F0500231A2A00\",\"Value\":1},{\"Key\":\"3D1DE1FFDD6A05004F012A00\",\"Value\":1},{\"Key\":\"5032E1FFE06F050067EE2900\",\"Value\":1},{\"Key\":\"FF1BDFFFE9770700991F1C00\",\"Value\":1},{\"Key\":\"3214DFFFBF83070008BC1B00\",\"Value\":1},{\"Key\":\"5379E0FFEABE0700C6D01B00\",\"Value\":1},{\"Key\":\"1C69E0FF95BE070098C31B00\",\"Value\":1},{\"Key\":\"3F71E0FF59C1070071C31B00\",\"Value\":1},{\"Key\":\"525EE0FF97BC07008ECB1B00\",\"Value\":1},{\"Key\":\"4442E0FF64C80700A09A1B00\",\"Value\":1},{\"Key\":\"7308E0FFC5CC070042681B00\",\"Value\":1},{\"Key\":\"84A1E2FF36D3070000711E00\",\"Value\":1},{\"Key\":\"1F5AE2FF36D30700C36C1E00\",\"Value\":1},{\"Key\":\"F1C0E2FF36D307007B421E00\",\"Value\":1},{\"Key\":\"5C4FE2FF36D307006CAD1C00\",\"Value\":1},{\"Key\":\"43A3E2FF36D3070042B71E00\",\"Value\":1},{\"Key\":\"62CFE2FF36D3070097FA1C00\",\"Value\":1},{\"Key\":\"ED29E2FF36D30700E7811E00\",\"Value\":1},{\"Key\":\"F0EDE2FF36D30700C1FA1C00\",\"Value\":1},{\"Key\":\"2EEEE2FF36D3070040041D00\",\"Value\":1},{\"Key\":\"4D08E2FF36D3070058601E00\",\"Value\":1},{\"Key\":\"4BAFE1FF36D3070055711D00\",\"Value\":1},{\"Key\":\"5A99E1FF36D30700D0611D00\",\"Value\":1},{\"Key\":\"7A17E3FF36D30700233E1D00\",\"Value\":1},{\"Key\":\"D32CE3FF36D307003A4B1D00\",\"Value\":1},{\"Key\":\"0D5CE3FF36D30700484A1D00\",\"Value\":1},{\"Key\":\"3A6FE3FF36D30700BC6F1D00\",\"Value\":1},{\"Key\":\"DF98E3FF36D3070018841D00\",\"Value\":1},{\"Key\":\"D176E3FF36D30700D38D1D00\",\"Value\":1},{\"Key\":\"BE6DE1FF36D3070053F81C00\",\"Value\":1},{\"Key\":\"6F60E3FF36D3070057701D00\",\"Value\":1},{\"Key\":\"C127E3FF36D30700630E1D00\",\"Value\":1},{\"Key\":\"DF08E3FF36D3070035F71C00\",\"Value\":1},{\"Key\":\"028CE2FF36D307007FB51C00\",\"Value\":1},{\"Key\":\"BBD7E2FF36D30700FF161D00\",\"Value\":1},{\"Key\":\"BFA2E1FF36D3070007F41C00\",\"Value\":1},{\"Key\":\"C543E2FF36D3070077BF1C00\",\"Value\":1},{\"Key\":\"C923E2FF36D307006F931C00\",\"Value\":1},{\"Key\":\"5929E2FF36D30700FBB21C00\",\"Value\":1},{\"Key\":\"DC1BE1FF66D10700070C1C00\",\"Value\":1},{\"Key\":\"1403E1FFEED20700F0D31B00\",\"Value\":1},{\"Key\":\"841CE1FFDCD2070073EE1B00\",\"Value\":1},{\"Key\":\"2310E1FF10D20700CEF41B00\",\"Value\":1},{\"Key\":\"DC62E1FF32110800EB7E1B00\",\"Value\":1},{\"Key\":\"6393E1FF9734080066341B00\",\"Value\":1},{\"Key\":\"A8BBE1FF06400800DF2D1B00\",\"Value\":1},{\"Key\":\"D5ADE1FF2C3E080074071B00\",\"Value\":1},{\"Key\":\"6ACAE1FF864508007B071B00\",\"Value\":1},{\"Key\":\"6BD1E1FF6D49080094E91A00\",\"Value\":1},{\"Key\":\"02E5E1FF134E0800AEEC1A00\",\"Value\":1},{\"Key\":\"AFE4E1FFC54F080038DB1A00\",\"Value\":1},{\"Key\":\"CD06E2FFD45A080025C21A00\",\"Value\":1},{\"Key\":\"4510E2FFA05B0800D0D01A00\",\"Value\":1},{\"Key\":\"5F1CE2FF455E0800B1D71A00\",\"Value\":1},{\"Key\":\"7D22E2FF21630800E5C11A00\",\"Value\":1},{\"Key\":\"8076E2FFFB790800A5EA1A00\",\"Value\":1},{\"Key\":\"9B78E2FF2675080059061B00\",\"Value\":1},{\"Key\":\"D992E2FFC97C080070071B00\",\"Value\":1},{\"Key\":\"989BE0FFB0F60700DE411B00\",\"Value\":1},{\"Key\":\"8C84E0FF00F80700B6241B00\",\"Value\":1},{\"Key\":\"7173E0FF42F3070090261B00\",\"Value\":1},{\"Key\":\"6DD5E0FF07CD0700AFE71B00\",\"Value\":1},{\"Key\":\"0F3EE0FFD9E207003D141B00\",\"Value\":1},{\"Key\":\"ADF6E0FF19CB0700FF191C00\",\"Value\":1},{\"Key\":\"06D6E0FF71C4070013211C00\",\"Value\":1},{\"Key\":\"37B3E0FF0EC20700EF061C00\",\"Value\":1},{\"Key\":\"F4B6E0FF60C107002D111C00\",\"Value\":1},{\"Key\":\"16B5E2FF4F820800A1221B00\",\"Value\":1},{\"Key\":\"3CB5E2FFFD8308002C181B00\",\"Value\":1},{\"Key\":\"19CAE2FF588608003F4E1B00\",\"Value\":1},{\"Key\":\"FFE4E2FF1E8D080026621B00\",\"Value\":1},{\"Key\":\"DCF4E2FFF5910800A75D1B00\",\"Value\":1},{\"Key\":\"8C39E1FF2BD3070036FA1B00\",\"Value\":1},{\"Key\":\"E0BCE0FFFFCA070093DC1B00\",\"Value\":1},{\"Key\":\"D6B7E0FF7CC60700C1F31B00\",\"Value\":1},{\"Key\":\"2DE4E0FF88CD07001EF71B00\",\"Value\":1},{\"Key\":\"5E77E0FF97EF07002F3C1B00\",\"Value\":1},{\"Key\":\"BC5BE0FFBFEF07000C151B00\",\"Value\":1},{\"Key\":\"C49FE0FFD2FD070062251B00\",\"Value\":1},{\"Key\":\"9E91E0FFABFD0700E0101B00\",\"Value\":1},{\"Key\":\"999CE0FFFB0108000FFE1A00\",\"Value\":1},{\"Key\":\"EA4CE0FFECE30700E2241B00\",\"Value\":1},{\"Key\":\"418FE0FFD4F50700C23A1B00\",\"Value\":1},{\"Key\":\"72C8E0FFC30808008E091B00\",\"Value\":1},{\"Key\":\"1CC4E0FFA632080029231A00\",\"Value\":1},{\"Key\":\"91BBE1FF7C6A0800F60F1A00\",\"Value\":1},{\"Key\":\"C2B4E1FF4E6A08009DF81900\",\"Value\":1},{\"Key\":\"29CBE0FF37350800CD171A00\",\"Value\":1},{\"Key\":\"ADC9E1FFCF6F080066061A00\",\"Value\":1},{\"Key\":\"5DE2E0FF4F390800DB0D1A00\",\"Value\":1},{\"Key\":\"C4D5E1FF5975080065F71900\",\"Value\":1},{\"Key\":\"38E6E0FFD03A080055051A00\",\"Value\":1},{\"Key\":\"4BFFE0FFE53F0800A3EB1900\",\"Value\":1},{\"Key\":\"F423E1FFAD500800FE8C1900\",\"Value\":1},{\"Key\":\"5224E1FFDF53080029851900\",\"Value\":1},{\"Key\":\"B537E1FF9F5708000A851900\",\"Value\":1},{\"Key\":\"9D14E1FFDB550800F77B1900\",\"Value\":1},{\"Key\":\"7219E1FF461D080020F01A00\",\"Value\":1},{\"Key\":\"D529E1FFF9640800E9651900\",\"Value\":1},{\"Key\":\"D13BE1FFCF23080069FA1A00\",\"Value\":1},{\"Key\":\"A80AE1FFF36008000B631900\",\"Value\":1},{\"Key\":\"D81CE1FFAC6A080098531900\",\"Value\":1},{\"Key\":\"C144E1FFD42A08001FD11A00\",\"Value\":1},{\"Key\":\"D213E1FF6E6A0800854F1900\",\"Value\":1},{\"Key\":\"7622E1FF97700800AD441900\",\"Value\":1},{\"Key\":\"CE07E1FF0C6E08008D3B1900\",\"Value\":1},{\"Key\":\"4C61E1FF6E32080029C81A00\",\"Value\":1},{\"Key\":\"60FCE0FFB46C080029381900\",\"Value\":1},{\"Key\":\"9507E1FF4E7208002B2A1900\",\"Value\":1},{\"Key\":\"FDFCE0FFE171080021231900\",\"Value\":1},{\"Key\":\"9C75E1FF24370800DFC61A00\",\"Value\":1},{\"Key\":\"A67DE1FFE93B080061B01A00\",\"Value\":1},{\"Key\":\"E7FAE0FF077408007F191900\",\"Value\":1},{\"Key\":\"348FE1FFCE3F0800BEB11A00\",\"Value\":1},{\"Key\":\"8B90E1FFE54208001B9C1A00\",\"Value\":1},{\"Key\":\"E59DE1FF7E46080040971A00\",\"Value\":1},{\"Key\":\"FFA8E1FF914C08001C851A00\",\"Value\":1},{\"Key\":\"64DFE0FFFF6E0800A4181900\",\"Value\":1},{\"Key\":\"36E0E0FFA0690800982E1900\",\"Value\":1},{\"Key\":\"15E6E0FF92680800B8371900\",\"Value\":1},{\"Key\":\"43C3E1FFC44E0800109C1A00\",\"Value\":1},{\"Key\":\"2CCEE0FF7B6B0800D7191900\",\"Value\":1},{\"Key\":\"37CAE0FF68680800AA221900\",\"Value\":1},{\"Key\":\"BABCE0FF6B6508003E231900\",\"Value\":1},{\"Key\":\"48F0E1FFA25A080087941A00\",\"Value\":1},{\"Key\":\"79BEE0FF885E0800F5401900\",\"Value\":1},{\"Key\":\"2910E2FFA5620800CBA11A00\",\"Value\":1},{\"Key\":\"6820E2FF476808004AA41A00\",\"Value\":1},{\"Key\":\"C7A6E0FF27610800E0221900\",\"Value\":1},{\"Key\":\"63A3E0FFDB5B080022371900\",\"Value\":1},{\"Key\":\"E586E0FFAE5A080061261900\",\"Value\":1},{\"Key\":\"4D90E0FF7855080024441900\",\"Value\":1},{\"Key\":\"937AE0FF88560800C92E1900\",\"Value\":1},{\"Key\":\"A15CE0FF8456080094161900\",\"Value\":1},{\"Key\":\"AE53E0FF205508006E141900\",\"Value\":1},{\"Key\":\"8E67E0FFDC5C080077051900\",\"Value\":1},{\"Key\":\"FA64E0FFB85F080030F71800\",\"Value\":1},{\"Key\":\"5176E0FF646A080040D91800\",\"Value\":1},{\"Key\":\"C286E0FFF9680800B2E91800\",\"Value\":1},{\"Key\":\"7E71E0FF2D65080061EA1800\",\"Value\":1},{\"Key\":\"0D78E0FFC26F0800F9C31800\",\"Value\":1},{\"Key\":\"5291E0FFB471080003CD1800\",\"Value\":1},{\"Key\":\"548FE0FFAD730800B3C31800\",\"Value\":1},{\"Key\":\"4369E0FFBF6E080071BC1800\",\"Value\":1},{\"Key\":\"1A92E0FFCA790800A2AC1800\",\"Value\":1},{\"Key\":\"0E7DE0FF3A78080026A31800\",\"Value\":1},{\"Key\":\"B37EE0FF7E7C080040911800\",\"Value\":1},{\"Key\":\"9E75E0FF227E08002B831800\",\"Value\":1},{\"Key\":\"718AE0FFBD85080093761800\",\"Value\":1},{\"Key\":\"348FE0FF7B870800F57C1800\",\"Value\":1},{\"Key\":\"7386E0FF52850800F17C1800\",\"Value\":1},{\"Key\":\"1059E0FFF9790800DF781800\",\"Value\":1},{\"Key\":\"445EE0FF747B0800217D1800\",\"Value\":1},{\"Key\":\"C565E0FF2876080030981800\",\"Value\":1},{\"Key\":\"474FE0FF9B6F08003BA11800\",\"Value\":1},{\"Key\":\"D05DE0FF0A700800AFAC1800\",\"Value\":1},{\"Key\":\"F952E0FF0969080074C01800\",\"Value\":1},{\"Key\":\"2A51E0FF5F65080032CD1800\",\"Value\":1},{\"Key\":\"ADBEE0FFDF4808005F961900\",\"Value\":1},{\"Key\":\"AD5CE0FF9062080070E41800\",\"Value\":1},{\"Key\":\"B43AE0FF8E5E0800A9D81800\",\"Value\":1},{\"Key\":\"9B50E0FFBE5D0800E1ED1800\",\"Value\":1},{\"Key\":\"29A3E0FFA7460800C59F1900\",\"Value\":1},{\"Key\":\"B246E0FF6B57080035001900\",\"Value\":1},{\"Key\":\"879AE0FFDA47080066971900\",\"Value\":1},{\"Key\":\"3E37E0FF5753080060041900\",\"Value\":1},{\"Key\":\"5B3BE0FF19520800590D1900\",\"Value\":1},{\"Key\":\"F78BE0FF90450800A59D1900\",\"Value\":1},{\"Key\":\"F685E0FF0146080035961900\",\"Value\":1},{\"Key\":\"503EE0FF5E4C0800A8271900\",\"Value\":1},{\"Key\":\"8C72E0FF56420800D4951900\",\"Value\":1},{\"Key\":\"5328E0FFA4480800C1251900\",\"Value\":1},{\"Key\":\"5968E0FF453F0800869E1900\",\"Value\":1},{\"Key\":\"A1F1DFFFBC3A08000F341900\",\"Value\":1},{\"Key\":\"8ADCDFFF0D3008007D421900\",\"Value\":1},{\"Key\":\"70E7DFFF7E2F08000F571900\",\"Value\":1},{\"Key\":\"83C6DFFFEC290800C4411900\",\"Value\":1},{\"Key\":\"28B7DFFF38250800C6441900\",\"Value\":1},{\"Key\":\"ABB2DFFF51220800E84D1900\",\"Value\":1},{\"Key\":\"76B5DFFFC31E08002B621900\",\"Value\":1},{\"Key\":\"FB98DFFF1C180800DB671900\",\"Value\":1},{\"Key\":\"999CDFFFF314080058791900\",\"Value\":1},{\"Key\":\"BC96DFFFBD190800005E1900\",\"Value\":1},{\"Key\":\"8794DFFFE01708001D5F1900\",\"Value\":1},{\"Key\":\"E997DFFF2E170800D3771900\",\"Value\":1},{\"Key\":\"AD53E0FF162E080040E81900\",\"Value\":1},{\"Key\":\"B265E0FF29340800ACE31900\",\"Value\":1},{\"Key\":\"F852E0FF792708007C021A00\",\"Value\":1},{\"Key\":\"D112E0FF54140800CF111A00\",\"Value\":1},{\"Key\":\"CB01E0FF74120800DA041A00\",\"Value\":1},{\"Key\":\"69CCDFFF77080800D9F81900\",\"Value\":1},{\"Key\":\"30B2DFFF2405080092E41900\",\"Value\":1},{\"Key\":\"03B2DFFF5001080034FA1900\",\"Value\":1},{\"Key\":\"AB99DFFF71FB07008BF21900\",\"Value\":1},{\"Key\":\"937BDFFFB5F3070062EB1900\",\"Value\":1},{\"Key\":\"E739DFFF8602080042C21900\",\"Value\":1},{\"Key\":\"10A0DFFFFC1E0800C54A1900\",\"Value\":1},{\"Key\":\"5A9EDFFFAD2308005F421900\",\"Value\":1},{\"Key\":\"02A0EBFFF2850900086E2600\",\"Value\":1},{\"Key\":\"6BCDDFFF65200800A1771900\",\"Value\":1},{\"Key\":\"6AD6DFFF1E2708007F641900\",\"Value\":1},{\"Key\":\"5860DEFF81260800C5251900\",\"Value\":1},{\"Key\":\"D243DEFF483108009E0F1900\",\"Value\":1},{\"Key\":\"8045DEFF3438080032F81800\",\"Value\":1},{\"Key\":\"17EDDDFF0552080063D31800\",\"Value\":1},{\"Key\":\"80DCDDFF305708000CCC1800\",\"Value\":1},{\"Key\":\"A6CEDDFFC3580800D7CE1800\",\"Value\":1},{\"Key\":\"C817DDFFF92C080059E11800\",\"Value\":1},{\"Key\":\"180EDDFF232C080000E01800\",\"Value\":1},{\"Key\":\"2DFCDCFFDE27080006E11800\",\"Value\":1},{\"Key\":\"10DDDCFFAA0E0800ACF91800\",\"Value\":1},{\"Key\":\"C9CCDCFF6907080065FE1800\",\"Value\":1},{\"Key\":\"80BFDCFF0504080081FF1800\",\"Value\":1},{\"Key\":\"C1B9DCFFB3F4070049191900\",\"Value\":1},{\"Key\":\"04B7DCFFEFF907006C0D1900\",\"Value\":1},{\"Key\":\"6545DCFFA2FD0700122C1900\",\"Value\":1},{\"Key\":\"33AFDCFF2AF8070025111900\",\"Value\":1},{\"Key\":\"9EA7DCFFCCF40700B8181900\",\"Value\":1},{\"Key\":\"4297DCFF9AF30700E0251900\",\"Value\":1},{\"Key\":\"6F7EDCFF92F7070042221900\",\"Value\":1},{\"Key\":\"5C6EDCFFFBFC0700B9181900\",\"Value\":1},{\"Key\":\"216DDCFF9EF70700962C1900\",\"Value\":1},{\"Key\":\"7F64DCFFDCFD0700AD1B1900\",\"Value\":1},{\"Key\":\"3546DCFF7B040800341A1900\",\"Value\":1},{\"Key\":\"5424DCFF2B28080097EC1800\",\"Value\":1},{\"Key\":\"50F6ECFF06860900030B2700\",\"Value\":1},{\"Key\":\"0FF3ECFF068609009EFE2600\",\"Value\":1},{\"Key\":\"2559DDFFE8340900550A1500\",\"Value\":1},{\"Key\":\"0933DFFF84F80B0013D30600\",\"Value\":1},{\"Key\":\"2828DFFF8AF90B0038CF0600\",\"Value\":1},{\"Key\":\"AC37DFFF28F70B00C1AD0600\",\"Value\":1},{\"Key\":\"4033DFFF18FA0B003EA20600\",\"Value\":1},{\"Key\":\"BAE8DAFFF1F70A00B5A20400\",\"Value\":1},{\"Key\":\"D8D7DAFF90F30A00FFAF0400\",\"Value\":1},{\"Key\":\"69BBDAFF0BE70A001EDB0400\",\"Value\":1},{\"Key\":\"3CB3DAFF6AE80A006EC40400\",\"Value\":1},{\"Key\":\"9F97DAFF3AE00A003DC90400\",\"Value\":1},{\"Key\":\"63A0DAFF1BEA0A00F3910400\",\"Value\":1},{\"Key\":\"B0A5DAFF36EC0A00A1850400\",\"Value\":1},{\"Key\":\"6CB0DAFFC9EE0A00A9830400\",\"Value\":1},{\"Key\":\"A8A1DAFFE2E80A00EEA00400\",\"Value\":1},{\"Key\":\"BA81DAFF47E30A0022870400\",\"Value\":1},{\"Key\":\"08FFDAFF0FFC0A00B7790400\",\"Value\":1},{\"Key\":\"8502DBFF31FC0A005A700400\",\"Value\":1},{\"Key\":\"0608DBFF6DFB0A0043540400\",\"Value\":1},{\"Key\":\"B0E9DAFF63F80A00DA570400\",\"Value\":1},{\"Key\":\"D707DBFF51F80A0016330400\",\"Value\":1},{\"Key\":\"B1E6DAFF70F30A0082260400\",\"Value\":1},{\"Key\":\"E1D4DAFF13EF0A00A4180400\",\"Value\":1},{\"Key\":\"EBBBDAFF10EE0A00E4300400\",\"Value\":1},{\"Key\":\"B5A4DAFFBFEB0A00754A0400\",\"Value\":1},{\"Key\":\"2774DAFF20E00A00024B0400\",\"Value\":1},{\"Key\":\"3881DAFF79E30A00904A0400\",\"Value\":1},{\"Key\":\"277FDAFFDFE00A00BA350400\",\"Value\":1},{\"Key\":\"0E69DAFF34DE0A00BF620400\",\"Value\":1},{\"Key\":\"9E59DAFF91D90A00D4560400\",\"Value\":1},{\"Key\":\"4737DAFFCFCF0A0074630400\",\"Value\":1},{\"Key\":\"EF42DAFF3FD20A00E77B0400\",\"Value\":1},{\"Key\":\"B220DAFF8BC50A00EA870400\",\"Value\":1},{\"Key\":\"682CDAFF08C50A00259A0400\",\"Value\":1},{\"Key\":\"9E0DDAFFCCB80A0007920400\",\"Value\":1},{\"Key\":\"9A38DCFF5D650C00EE860800\",\"Value\":1},{\"Key\":\"4109DCFF21620C003A9B0800\",\"Value\":1},{\"Key\":\"7860DBFFA54C0C00CD8E0800\",\"Value\":1},{\"Key\":\"F3F3DBFF21620C0072A70800\",\"Value\":1},{\"Key\":\"64A8DBFF13600C0058A60800\",\"Value\":1},{\"Key\":\"A55FDBFFD54B0C0067990800\",\"Value\":1},{\"Key\":\"4876DBFF6F540C0060A50800\",\"Value\":1},{\"Key\":\"638DDCFF806C0C00AAB10800\",\"Value\":1},{\"Key\":\"709FDCFF4F690C000ECA0800\",\"Value\":1},{\"Key\":\"1D18DDFF28730C00C4B20800\",\"Value\":1},{\"Key\":\"3C52DDFF6A730C006F990800\",\"Value\":1},{\"Key\":\"30A8DDFF22CA0B00B8B40700\",\"Value\":1},{\"Key\":\"86B5DDFF70770C00898D0800\",\"Value\":1},{\"Key\":\"35E5DDFFDB780C00256C0800\",\"Value\":1},{\"Key\":\"A9FDDDFF0A6E0C002F680800\",\"Value\":1},{\"Key\":\"B96BDCFFAB6B0C0096A30800\",\"Value\":1},{\"Key\":\"C4D5DCFF726D0C001CB50800\",\"Value\":1},{\"Key\":\"FE63DCFF3A6A0C00EBA70800\",\"Value\":1},{\"Key\":\"33F2DCFF29700C0004B50800\",\"Value\":1},{\"Key\":\"76C2DDFFA9740C00BD6A0800\",\"Value\":1},{\"Key\":\"80ACDDFFDF770C00CC800800\",\"Value\":1},{\"Key\":\"A4F5DDFF73750C00C25F0800\",\"Value\":1},{\"Key\":\"7BCEDCFFF36E0B00DC5E0700\",\"Value\":1},{\"Key\":\"C22ADCFFE8050B008A1A0600\",\"Value\":1},{\"Key\":\"6216DCFFB9060B008D180600\",\"Value\":1},{\"Key\":\"0D21DCFFC2050B003B0E0600\",\"Value\":1},{\"Key\":\"D300DCFFB2060B007F0F0600\",\"Value\":1},{\"Key\":\"2F0CDCFF5B050B0045F80500\",\"Value\":1},{\"Key\":\"8E01DCFF19050B0024F10500\",\"Value\":1},{\"Key\":\"78E7DBFF4E060B0072F20500\",\"Value\":1},{\"Key\":\"67B8DBFFE9060B002CAC0500\",\"Value\":1},{\"Key\":\"AFACDBFF70040B00EF950500\",\"Value\":1},{\"Key\":\"C4B4DBFF80020B00D2890500\",\"Value\":1},{\"Key\":\"98B3DBFFE5010B000D770500\",\"Value\":1},{\"Key\":\"A9A6DBFF86010B0030720500\",\"Value\":1},{\"Key\":\"2CADDBFFC4010B00C7650500\",\"Value\":1},{\"Key\":\"EEABDBFFEB010B00254D0500\",\"Value\":1},{\"Key\":\"B382DBFFA7FB0A0003000500\",\"Value\":1},{\"Key\":\"1C8DDBFF95FE0A00BAF90400\",\"Value\":1},{\"Key\":\"E594DBFF6CFF0A0019EB0400\",\"Value\":1},{\"Key\":\"DC83DBFF11FE0A00ABCB0400\",\"Value\":1},{\"Key\":\"4E74DBFFD6010B002A990400\",\"Value\":1},{\"Key\":\"536ADBFF8E010B0011850400\",\"Value\":1},{\"Key\":\"D95BDBFF5F010B0064670400\",\"Value\":1},{\"Key\":\"1651DBFFB4000B008E6D0400\",\"Value\":1},{\"Key\":\"815DDBFFCC010B00264B0400\",\"Value\":1},{\"Key\":\"FE5FDBFF3D010B007E3E0400\",\"Value\":1},{\"Key\":\"5443DBFFA7FC0A003E360400\",\"Value\":1},{\"Key\":\"E639DBFFE4F80A007F210400\",\"Value\":1},{\"Key\":\"8847DBFFF9F70A0007180400\",\"Value\":1},{\"Key\":\"1731DBFF66F50A00290E0400\",\"Value\":1},{\"Key\":\"C843DBFFF7EF0A00D9F00300\",\"Value\":1},{\"Key\":\"8B30DBFF46EF0A006DEE0300\",\"Value\":1},{\"Key\":\"A429DBFF9EED0A0058E50300\",\"Value\":1},{\"Key\":\"3915DBFF68E60A00DEAA0300\",\"Value\":1},{\"Key\":\"D520DBFF09E70A00848F0300\",\"Value\":1},{\"Key\":\"862EDBFF7AEA0A00896C0300\",\"Value\":1},{\"Key\":\"4B2DDBFFB2EA0A008F600300\",\"Value\":1},{\"Key\":\"6452DBFF94F10A001B580300\",\"Value\":1},{\"Key\":\"D656DBFF54F30A00C6420300\",\"Value\":1},{\"Key\":\"0A66DBFFCCF50A00A33A0300\",\"Value\":1},{\"Key\":\"9760DBFF82F40A008C450300\",\"Value\":1},{\"Key\":\"5D77DBFF8FF80A00BF1B0300\",\"Value\":1},{\"Key\":\"F673DBFF57F80A00A40B0300\",\"Value\":1},{\"Key\":\"F777DBFFDCF70A00F6F10200\",\"Value\":1},{\"Key\":\"298EDBFF00F90A00F5FC0200\",\"Value\":1},{\"Key\":\"4A74DBFF7BF60A0034E00200\",\"Value\":1},{\"Key\":\"3B62DBFF45F30A00AEB60200\",\"Value\":1},{\"Key\":\"16E6DAFF62C70A00165E0200\",\"Value\":1},{\"Key\":\"BDFCDAFFFAD60A0032900200\",\"Value\":1},{\"Key\":\"3C17DBFFCDBB0A00A2370100\",\"Value\":1},{\"Key\":\"251BDBFFBCBD0A00B21E0100\",\"Value\":1},{\"Key\":\"5A20DBFF60BE0A00D7F90000\",\"Value\":1},{\"Key\":\"532DDBFF27C50A007EEF0000\",\"Value\":1},{\"Key\":\"6344DBFF42CE0A002CC00000\",\"Value\":1},{\"Key\":\"4B33DBFF41C40A0082BC0000\",\"Value\":1},{\"Key\":\"6274DBFF6AFC0A0036200400\",\"Value\":1},{\"Key\":\"BE5DDBFF88F90A00CD190400\",\"Value\":1},{\"Key\":\"8963DBFFDCF60A00490E0400\",\"Value\":1},{\"Key\":\"DB46DBFF91EE0A0061A80200\",\"Value\":1},{\"Key\":\"B3F0DAFF50C80A009F4C0200\",\"Value\":1},{\"Key\":\"3A12DBFF54A30A00B04A0000\",\"Value\":1},{\"Key\":\"5607DBFF239D0A007F440000\",\"Value\":1},{\"Key\":\"0B04DBFF3D990A00B5290000\",\"Value\":1},{\"Key\":\"63D6DAFFBEB60A00572F0200\",\"Value\":1},{\"Key\":\"77B4DAFF4EA80A00402D0200\",\"Value\":1},{\"Key\":\"2CBADAFF6AA40A0052140200\",\"Value\":1},{\"Key\":\"1C9ADBFF89F60A00B06D0300\",\"Value\":1},{\"Key\":\"FAB1DBFFCDF70A005A480300\",\"Value\":1},{\"Key\":\"068DDBFFF6F70A00F4430300\",\"Value\":1},{\"Key\":\"118FDBFF81F90A009A160300\",\"Value\":1},{\"Key\":\"40E9DDFFE1760C00466E0800\",\"Value\":1},{\"Key\":\"1EDBDCFFD78F0B0073860100\",\"Value\":1},{\"Key\":\"C3EFDCFF6F970B00F1760100\",\"Value\":1},{\"Key\":\"AC0ADDFFB2A20B0090830100\",\"Value\":1},{\"Key\":\"DE77BCFFE3B205003E224E00\",\"Value\":1},{\"Key\":\"157ABCFFE3B2050019F94D00\",\"Value\":1},{\"Key\":\"E309BCFFE3B20500971F4E00\",\"Value\":1},{\"Key\":\"D1FFBBFFE3B2050073024E00\",\"Value\":1},{\"Key\":\"0E51BBFF55B105002B924D00\",\"Value\":1},{\"Key\":\"2645BBFF4FB105004E944D00\",\"Value\":1},{\"Key\":\"1C5ABBFF1BB5050080144D00\",\"Value\":1},{\"Key\":\"C345BCFF44D80500359E4C00\",\"Value\":1},{\"Key\":\"3F3DBCFFC2D105005ADB4C00\",\"Value\":1},{\"Key\":\"3245BCFFE3B205007AA04D00\",\"Value\":1},{\"Key\":\"3362BCFFE3B205000DA04D00\",\"Value\":1},{\"Key\":\"3F81BCFFE3B205005A9A4D00\",\"Value\":1},{\"Key\":\"B446BCFFE3B20500CF814D00\",\"Value\":1},{\"Key\":\"3353BCFFE3B2050059844D00\",\"Value\":1},{\"Key\":\"037ABCFF33B30500C0724D00\",\"Value\":1},{\"Key\":\"D151BCFF1CD905008C644C00\",\"Value\":1},{\"Key\":\"3D33BCFFE1DA0500BF7B4C00\",\"Value\":1},{\"Key\":\"5046B6FFA8E405002D155500\",\"Value\":1},{\"Key\":\"3FBEB6FF4ADC0500669B5400\",\"Value\":1},{\"Key\":\"D3E4ADFF6FD6050072575600\",\"Value\":1},{\"Key\":\"3BF3ADFF6FD60500A93F5600\",\"Value\":1},{\"Key\":\"BFEFADFF6FD605006B645600\",\"Value\":1},{\"Key\":\"CAB5B1FF63CE050090775100\",\"Value\":1},{\"Key\":\"6EA9B3FF07F705003CC35100\",\"Value\":1},{\"Key\":\"A084B2FFB0D805003DD65000\",\"Value\":1},{\"Key\":\"D76CB5FF03F105004DED4E00\",\"Value\":1},{\"Key\":\"F6B3D4FF18300400E7B73E00\",\"Value\":1},{\"Key\":\"2C6DC3FF8C06060021923F00\",\"Value\":1},{\"Key\":\"9572C3FF8C06060031823F00\",\"Value\":1},{\"Key\":\"12D3C2FF8C060600E3A03E00\",\"Value\":1},{\"Key\":\"F597C2FFEC050600C1683E00\",\"Value\":1},{\"Key\":\"E965D9FF116D020094694B00\",\"Value\":1},{\"Key\":\"3266D6FF0E0C0300BF904600\",\"Value\":1},{\"Key\":\"A067D6FF560D03007E7D4600\",\"Value\":1},{\"Key\":\"0C83D6FFA4110300CC684600\",\"Value\":1},{\"Key\":\"F973D6FFE30B03005B964600\",\"Value\":1},{\"Key\":\"3140D7FF4B130300AE734600\",\"Value\":1},{\"Key\":\"702BD7FF0310030037634600\",\"Value\":1},{\"Key\":\"303ED7FFB815030086634600\",\"Value\":1},{\"Key\":\"D04FD7FF67190300216B4600\",\"Value\":1},{\"Key\":\"4346D7FF481D0300AA484600\",\"Value\":1},{\"Key\":\"C246D7FFDF120300FA934600\",\"Value\":1},{\"Key\":\"D316D7FFD60D030083A44600\",\"Value\":1},{\"Key\":\"36B7D6FF5905030048DA4600\",\"Value\":1},{\"Key\":\"C7ADD6FFFF0C0300759A4600\",\"Value\":1},{\"Key\":\"DCB0D6FFCC0C030071A44600\",\"Value\":1},{\"Key\":\"F417D7FF560F03005EB84600\",\"Value\":1},{\"Key\":\"14A3D6FFFF0C0300249E4600\",\"Value\":1},{\"Key\":\"6521D7FF980F030051C24600\",\"Value\":1},{\"Key\":\"BF9AD6FF030C03008EA74600\",\"Value\":1},{\"Key\":\"3FCCD6FFDFFA020059074700\",\"Value\":1},{\"Key\":\"A891D6FF6E0C03005C9D4600\",\"Value\":1},{\"Key\":\"038BD6FFEB0803005EB74600\",\"Value\":1},{\"Key\":\"40CCD6FFBCF502006D1D4700\",\"Value\":1},{\"Key\":\"37E4D6FF20F6020063224700\",\"Value\":1},{\"Key\":\"DC1FD7FFBC0D030094D24600\",\"Value\":1},{\"Key\":\"F5B7D6FF54110300D0714600\",\"Value\":1},{\"Key\":\"969AD6FF7E3F03003B324600\",\"Value\":1},{\"Key\":\"40CCD6FFAD0C030050AF4600\",\"Value\":1},{\"Key\":\"7CA4D6FF6E120300D8504600\",\"Value\":1},{\"Key\":\"FE9CD6FF56410300832A4600\",\"Value\":1},{\"Key\":\"FB4ED7FFA7140300018B4600\",\"Value\":1},{\"Key\":\"9059D7FF6E22030029484600\",\"Value\":1},{\"Key\":\"FF62D7FFF0260300463E4600\",\"Value\":1},{\"Key\":\"AC53D7FF372503004A384600\",\"Value\":1},{\"Key\":\"6AA3D6FFEFFF020039ED4600\",\"Value\":1},{\"Key\":\"3187D6FFC3F20200E51E4700\",\"Value\":1},{\"Key\":\"C87AD6FFFAF40200F5104700\",\"Value\":1},{\"Key\":\"7E8DD6FF15ED020006374700\",\"Value\":1},{\"Key\":\"FC26D7FF8FFC0200052C4700\",\"Value\":1},{\"Key\":\"4C65D6FF45F3020084104700\",\"Value\":1},{\"Key\":\"BC2BD7FFEEF40200BF634700\",\"Value\":1},{\"Key\":\"1578D6FF85F30200B8164700\",\"Value\":1},{\"Key\":\"4623D6FFE6F20200AAF74600\",\"Value\":1},{\"Key\":\"4831D6FFA6EB020075234700\",\"Value\":1},{\"Key\":\"6F9BD6FF17F00200022C4700\",\"Value\":1},{\"Key\":\"0622D6FF3EEB0200311F4700\",\"Value\":1},{\"Key\":\"424FD6FF69F20200630E4700\",\"Value\":1},{\"Key\":\"2AA5D5FFFA1A03009FF14500\",\"Value\":1},{\"Key\":\"417AD5FFE314030074FF4500\",\"Value\":1},{\"Key\":\"9976D5FF021A03007CEB4500\",\"Value\":1},{\"Key\":\"6F86D5FFE6200300CFD24500\",\"Value\":1},{\"Key\":\"9D75D5FF061F03001DD54500\",\"Value\":1},{\"Key\":\"6E63D5FFDB1C0300CED94500\",\"Value\":1},{\"Key\":\"9C89D5FF9624030094C44500\",\"Value\":1},{\"Key\":\"CAF6D5FF1FEF020013F64600\",\"Value\":1},{\"Key\":\"F5E0D5FF3DE602006C204700\",\"Value\":1},{\"Key\":\"DA62D6FF9EEA020059374700\",\"Value\":1},{\"Key\":\"9F47D6FFB4E9020098334700\",\"Value\":1},{\"Key\":\"B161D6FF81EF020084204700\",\"Value\":1},{\"Key\":\"BD46D6FF84E50200E7474700\",\"Value\":1},{\"Key\":\"D6D1D5FFA2E30200CF294700\",\"Value\":1},{\"Key\":\"3676D6FF4BE8020075484700\",\"Value\":1},{\"Key\":\"B44FD6FF23F002003B184700\",\"Value\":1},{\"Key\":\"5D9DD6FFC5E9020030494700\",\"Value\":1},{\"Key\":\"B236D6FFA2F90200C5DF4600\",\"Value\":1},{\"Key\":\"9357D6FF43DA020077874700\",\"Value\":1},{\"Key\":\"AA6ED6FFFFE40200E2554700\",\"Value\":1},{\"Key\":\"6491D6FFCAE8020045494700\",\"Value\":1},{\"Key\":\"D279D6FF33DB0200B9884700\",\"Value\":1},{\"Key\":\"5A81D6FF2DCF020093D94700\",\"Value\":1},{\"Key\":\"2493D6FF63CF02005FD74700\",\"Value\":1},{\"Key\":\"1974D6FF70D3020080B74700\",\"Value\":1},{\"Key\":\"6594D6FF7AD1020060C64700\",\"Value\":1},{\"Key\":\"9381D6FFC9D0020072CA4700\",\"Value\":1},{\"Key\":\"B89CD6FF23D1020053CE4700\",\"Value\":1},{\"Key\":\"CB8AD6FFCED402008EAF4700\",\"Value\":1},{\"Key\":\"04B8D6FF76D502004EB74700\",\"Value\":1},{\"Key\":\"E078D6FF83C302002CC54800\",\"Value\":1},{\"Key\":\"3A6ED6FF04C5020050C84800\",\"Value\":1},{\"Key\":\"CB4FD6FFF0C802005EBB4800\",\"Value\":1},{\"Key\":\"070BD6FFAFD302000EF74900\",\"Value\":1},{\"Key\":\"C021D6FFD0CF02008A084A00\",\"Value\":1},{\"Key\":\"9A03D6FF89D402006D0A4A00\",\"Value\":1},{\"Key\":\"66E3D6FFD9DA0200E0AE4700\",\"Value\":1},{\"Key\":\"F9D3D6FF7BCB020019054800\",\"Value\":1},{\"Key\":\"30BAD6FF88C602008B2B4800\",\"Value\":1},{\"Key\":\"E8CDD6FF0DC70200DE294800\",\"Value\":1},{\"Key\":\"07C1D6FFCFC5020011384800\",\"Value\":1},{\"Key\":\"C891D6FFD9CB0200C5F44700\",\"Value\":1},{\"Key\":\"6DDDD6FF58D50200ADC24700\",\"Value\":1},{\"Key\":\"0FA2D6FF83C402007B654A00\",\"Value\":1},{\"Key\":\"BF8DD6FF55C8020016734A00\",\"Value\":1},{\"Key\":\"12A5D6FF1CC80200CB1A4800\",\"Value\":1},{\"Key\":\"6EDFD6FF41D1020089E04700\",\"Value\":1},{\"Key\":\"1B65D6FF72CD02005BE24700\",\"Value\":1},{\"Key\":\"C84DD6FFD6DB0200867D4700\",\"Value\":1},{\"Key\":\"9D61D6FFF7CB02004AF24700\",\"Value\":1},{\"Key\":\"E163D6FF32D002009ECE4700\",\"Value\":1},{\"Key\":\"3DA2D6FFCFBF0200818D4800\",\"Value\":1},{\"Key\":\"358ED6FFFCC002002BBA4800\",\"Value\":1},{\"Key\":\"5F36D6FF9ECD020025C84800\",\"Value\":1},{\"Key\":\"CA30D6FF10CD020064B44800\",\"Value\":1},{\"Key\":\"AC32D6FF39CD020062BB4800\",\"Value\":1},{\"Key\":\"B724D6FF8BCE0200AEAE4800\",\"Value\":1},{\"Key\":\"E439D6FF6DCD0200BFD94800\",\"Value\":1},{\"Key\":\"1CA7D6FF37D00200A8D84700\",\"Value\":1},{\"Key\":\"46B5D6FFA7D10200AFCF4700\",\"Value\":1},{\"Key\":\"A7A1D6FF7EC7020058214800\",\"Value\":1},{\"Key\":\"25B6D6FFE6D002004DD54700\",\"Value\":1},{\"Key\":\"00A4D6FFEDC3020099414800\",\"Value\":1},{\"Key\":\"7FB1D6FFEAC30200CB414800\",\"Value\":1},{\"Key\":\"47B5D6FFC3C3020096474800\",\"Value\":1},{\"Key\":\"71FFD6FFA8C3020057504800\",\"Value\":1},{\"Key\":\"56E5D6FF64C2020016594800\",\"Value\":1},{\"Key\":\"06B8D6FFFDC10200CD5B4800\",\"Value\":1},{\"Key\":\"599CD6FFBBC102006C6F4800\",\"Value\":1},{\"Key\":\"CDC4D6FF11C20200F95A4800\",\"Value\":1},{\"Key\":\"F4A2D6FFEAC102002B684800\",\"Value\":1},{\"Key\":\"0CFED6FF0AC10200F5654800\",\"Value\":1},{\"Key\":\"44C9D6FFA0C2020009554800\",\"Value\":1},{\"Key\":\"B919D7FFADCA0200FA364800\",\"Value\":1},{\"Key\":\"FDD6D6FF0CC202005E5B4800\",\"Value\":1},{\"Key\":\"C6CED6FF57C00200486F4800\",\"Value\":1},{\"Key\":\"9AA6D6FF05C0020097834800\",\"Value\":1},{\"Key\":\"D60FD7FF8DC00200CF6E4800\",\"Value\":1},{\"Key\":\"62B8D6FF7DBF02003C824800\",\"Value\":1},{\"Key\":\"6EBAD6FF38C00200CE714800\",\"Value\":1},{\"Key\":\"F3D1D6FFF1BE020051834800\",\"Value\":1},{\"Key\":\"5AA7D6FFFFBE0200889D4800\",\"Value\":1},{\"Key\":\"2B0ED7FF3DBE0200C2854800\",\"Value\":1},{\"Key\":\"82CCD6FF54BD0200A59D4800\",\"Value\":1},{\"Key\":\"53AFD6FFC2BD0200E9B24800\",\"Value\":1},{\"Key\":\"FC9ED6FFD9BE02007DB44800\",\"Value\":1},{\"Key\":\"36ADD6FFDBBD020002C24800\",\"Value\":1},{\"Key\":\"8815D7FFBFD80200D5E44700\",\"Value\":1},{\"Key\":\"77A3D6FFEAD70200E5A24700\",\"Value\":1},{\"Key\":\"33CED6FF97D7020096AE4700\",\"Value\":1},{\"Key\":\"0AB9D6FF4CC80200061A4800\",\"Value\":1},{\"Key\":\"83D4D6FFADC60200322C4800\",\"Value\":1},{\"Key\":\"C3DAD6FFFBC502006B344800\",\"Value\":1},{\"Key\":\"A1C0D6FFC3C8020091174800\",\"Value\":1},{\"Key\":\"B18AD6FF37CA020040084800\",\"Value\":1},{\"Key\":\"DB17D7FFC2C50200E84E4800\",\"Value\":1},{\"Key\":\"ECE6D6FF04C60200A2384800\",\"Value\":1},{\"Key\":\"2524D7FF5FBE020033854800\",\"Value\":1},{\"Key\":\"36B1D6FF30CA02006C084800\",\"Value\":1},{\"Key\":\"BBEED6FF9BC702000E2F4800\",\"Value\":1},{\"Key\":\"AF9AD6FF5CCB02002CFF4700\",\"Value\":1},{\"Key\":\"7122D7FF58C9020092474800\",\"Value\":1},{\"Key\":\"6BF7D6FF54E20200B19F4700\",\"Value\":1},{\"Key\":\"9EE9D6FF4AE1020027974700\",\"Value\":1},{\"Key\":\"F2C1D6FFC5CB02007EFD4700\",\"Value\":1},{\"Key\":\"3F9CD6FFE1CB020015F44700\",\"Value\":1},{\"Key\":\"2723D7FFC5CD020091304800\",\"Value\":1},{\"Key\":\"26ECD6FF7CCB0200550E4800\",\"Value\":1},{\"Key\":\"22C2D6FF19BC02001FBC4800\",\"Value\":1},{\"Key\":\"8AC5D6FFE3CC0200C4F54700\",\"Value\":1},{\"Key\":\"4A2FD7FF27D3020046214800\",\"Value\":1},{\"Key\":\"56D3D6FFF5CD0200D7EF4700\",\"Value\":1},{\"Key\":\"F6AED6FFF9CD02004FEA4700\",\"Value\":1},{\"Key\":\"D7F0D6FF47CE02001CFC4700\",\"Value\":1},{\"Key\":\"B7CDD6FF96BA0200B4CE4800\",\"Value\":1},{\"Key\":\"DBEFD6FF3FD102008CE84700\",\"Value\":1},{\"Key\":\"70C2D6FF31D10200D3D64700\",\"Value\":1},{\"Key\":\"DDECD6FF60D40200FFD44700\",\"Value\":1},{\"Key\":\"75E6D6FFF1D50200BFC74700\",\"Value\":1},{\"Key\":\"53E2D6FF0EBA0200D3B74800\",\"Value\":1},{\"Key\":\"CA03D7FF9ADE0200D2BB4700\",\"Value\":1},{\"Key\":\"9BF9D6FF23CB02009E164800\",\"Value\":1},{\"Key\":\"C5FBD6FF39C9020015234800\",\"Value\":1},{\"Key\":\"4315D7FF42E802000A8F4700\",\"Value\":1},{\"Key\":\"3114D7FF8AE3020096A94700\",\"Value\":1},{\"Key\":\"59E2D6FFF4BF020079774800\",\"Value\":1},{\"Key\":\"9F76D6FFD9CC02007AE94700\",\"Value\":1},{\"Key\":\"EAA7D6FF14D5020037B64700\",\"Value\":1},{\"Key\":\"C8C0D6FFA8D90200E89F4700\",\"Value\":1},{\"Key\":\"BE06D7FFD0E2020082A54700\",\"Value\":1},{\"Key\":\"EFB8D6FF53DB02008C944700\",\"Value\":1},{\"Key\":\"7418D7FF75D1020053104800\",\"Value\":1},{\"Key\":\"FE2DD7FF72D80200A1044800\",\"Value\":1},{\"Key\":\"3540D7FF1CD80200D80F4800\",\"Value\":1},{\"Key\":\"B53ED7FF3DD302005B2D4800\",\"Value\":1},{\"Key\":\"8D18D7FFD8D4020059FD4700\",\"Value\":1},{\"Key\":\"C032D7FFDCDF020022DB4700\",\"Value\":1},{\"Key\":\"3647D7FF0ED00200354A4800\",\"Value\":1},{\"Key\":\"600ED7FF7DC30200945A4800\",\"Value\":1},{\"Key\":\"C72FD7FF6CC70200CC5E4800\",\"Value\":1},{\"Key\":\"BDA7D6FF46DF0200E47A4700\",\"Value\":1},{\"Key\":\"2940D7FF0BE3020041CB4700\",\"Value\":1},{\"Key\":\"24AED6FF9DDE020020804700\",\"Value\":1},{\"Key\":\"7047D6FF91F302004C064700\",\"Value\":1},{\"Key\":\"994FD6FF57D002009BCD4700\",\"Value\":1},{\"Key\":\"8459D6FF3BCD02000DEA4700\",\"Value\":1},{\"Key\":\"1E39D7FF65B802004FB94800\",\"Value\":1},{\"Key\":\"4AB7D6FFD7C80200B08A4A00\",\"Value\":1},{\"Key\":\"6CCED6FF16C802004D924A00\",\"Value\":1},{\"Key\":\"1EE3D6FF94C90200EBA64A00\",\"Value\":1},{\"Key\":\"A3A2D6FF3ECD0200B69E4A00\",\"Value\":1},{\"Key\":\"113CD6FF0ACE02009BEE4800\",\"Value\":1},{\"Key\":\"0A81D6FFCBC3020016F74800\",\"Value\":1},{\"Key\":\"D994D6FF48C0020017FA4800\",\"Value\":1},{\"Key\":\"FF9BD6FF45BF0200C0C54800\",\"Value\":1},{\"Key\":\"549AD6FF81BF020027FC4800\",\"Value\":1},{\"Key\":\"E579D6FF5EC30200FABA4800\",\"Value\":1},{\"Key\":\"26ADD6FFDCBD0200C3FA4800\",\"Value\":1},{\"Key\":\"57A7D6FF22BE020034D14800\",\"Value\":1},{\"Key\":\"05D0D6FF10BA020049EF4800\",\"Value\":1},{\"Key\":\"93B3D6FF49BD02002E144900\",\"Value\":1},{\"Key\":\"D038D7FF14BF0200F98D4800\",\"Value\":1},{\"Key\":\"7D3AD7FFECB2020086E54800\",\"Value\":1},{\"Key\":\"EFDDD6FFBDBC0200E2944800\",\"Value\":1},{\"Key\":\"91F7D6FF92B60200A9DD4800\",\"Value\":1},{\"Key\":\"9722D7FF99B4020070E24800\",\"Value\":1},{\"Key\":\"6B7BD7FF34B4020079EF4800\",\"Value\":1},{\"Key\":\"4524D7FF11B6020072CF4800\",\"Value\":1},{\"Key\":\"F5A4D7FF56BE020011DB4800\",\"Value\":1},{\"Key\":\"954DD7FF6FBE0200A6A14800\",\"Value\":1},{\"Key\":\"704DD7FFB9B5020019CD4800\",\"Value\":1},{\"Key\":\"E851D7FF2EBB020078B24800\",\"Value\":1},{\"Key\":\"5C50D7FF3DB2020002ED4800\",\"Value\":1},{\"Key\":\"D05FD7FF31C20200B3A14800\",\"Value\":1},{\"Key\":\"B15ED7FF09B402003CE04800\",\"Value\":1},{\"Key\":\"FD65D7FF69BF020004B14800\",\"Value\":1},{\"Key\":\"865AD7FF42C602002D8C4800\",\"Value\":1},{\"Key\":\"FF65D7FFB5BA020017C44800\",\"Value\":1},{\"Key\":\"7E64D7FF20B80200DFCE4800\",\"Value\":1},{\"Key\":\"E263D7FFC0B002008BF44800\",\"Value\":1},{\"Key\":\"296CD7FFC3C0020086AF4800\",\"Value\":1},{\"Key\":\"0653D7FFA6AE0200520A4900\",\"Value\":1},{\"Key\":\"A273D7FF88BB02001ACD4800\",\"Value\":1},{\"Key\":\"6871D7FF6CBC0200B4C74800\",\"Value\":1},{\"Key\":\"4F5DD7FF1CAD0200BB134900\",\"Value\":1},{\"Key\":\"6FB8D7FF3BB1020016214900\",\"Value\":1},{\"Key\":\"26BFD7FFB8D402007D504800\",\"Value\":1},{\"Key\":\"EF6DD7FFF4AF020008FF4800\",\"Value\":1},{\"Key\":\"3178D7FF5DC502003F9F4800\",\"Value\":1},{\"Key\":\"0D6CD7FF3AC80200D7884800\",\"Value\":1},{\"Key\":\"AA85D7FF9CC60200B1A14800\",\"Value\":1},{\"Key\":\"BF85D7FFA0C50200E6A64800\",\"Value\":1},{\"Key\":\"D588D7FF13C1020097BA4800\",\"Value\":1},{\"Key\":\"068CD7FFD9BD020096D04800\",\"Value\":1},{\"Key\":\"B377D7FFB0AE02003D084900\",\"Value\":1},{\"Key\":\"2294D7FF77C40200BBB24800\",\"Value\":1},{\"Key\":\"C393D7FFA9B9020093EB4800\",\"Value\":1},{\"Key\":\"168ED7FF51A70200254E4900\",\"Value\":1},{\"Key\":\"5596D7FFBCB80200C9F34800\",\"Value\":1},{\"Key\":\"E73DD6FFB0CA0200F1A74800\",\"Value\":1},{\"Key\":\"4749D7FF61CD02007C5B4800\",\"Value\":1},{\"Key\":\"E539D7FFE0CA0200FF594800\",\"Value\":1},{\"Key\":\"976ED6FF66C602000DF94800\",\"Value\":1},{\"Key\":\"0E8ED7FFE0A302007A8E4900\",\"Value\":1},{\"Key\":\"090DD7FF64CC0200E6E04A00\",\"Value\":1},{\"Key\":\"139AD6FFC4CA02003B8A4A00\",\"Value\":1},{\"Key\":\"2722D7FF09CB0200E9F74A00\",\"Value\":1},{\"Key\":\"E578D7FF34A5020046884900\",\"Value\":1},{\"Key\":\"CF5AD7FF2AAC020027254900\",\"Value\":1},{\"Key\":\"FC93D7FFC1A40200047B4900\",\"Value\":1},{\"Key\":\"F8D5D6FF9AB80200A7FF4800\",\"Value\":1},{\"Key\":\"2FFCD5FFBDD0020039024800\",\"Value\":1},{\"Key\":\"8FD5D6FF29CD020037B64A00\",\"Value\":1},{\"Key\":\"5BE9D7FF739B020070CC4900\",\"Value\":3},{\"Key\":\"3E6CD7FF57A60200EDA34900\",\"Value\":1},{\"Key\":\"2CB9D7FF71A00200F99D4900\",\"Value\":1},{\"Key\":\"D3A6D7FF71A2020038844900\",\"Value\":1},{\"Key\":\"1C9ED7FF5EA202009B974900\",\"Value\":1},{\"Key\":\"AD8CD7FFA3A30200C3A74900\",\"Value\":1},{\"Key\":\"1EA6D7FFA4A10200638F4900\",\"Value\":1},{\"Key\":\"30EED7FF4A9D0200F7A04900\",\"Value\":3},{\"Key\":\"778AD7FF09B3020079FF4800\",\"Value\":1},{\"Key\":\"F3F6D7FF9C9F02000F8C4900\",\"Value\":1},{\"Key\":\"40F3D7FF56A0020053844900\",\"Value\":1},{\"Key\":\"C6E8D7FF8A9F0200C48C4900\",\"Value\":1},{\"Key\":\"42EBD7FF6AA0020079834900\",\"Value\":1},{\"Key\":\"9B07D8FFABA50200F5664900\",\"Value\":1},{\"Key\":\"B7F7D5FF17D00200B10E4800\",\"Value\":1},{\"Key\":\"85AAD7FF43A102002B9F4900\",\"Value\":1},{\"Key\":\"1875D7FFF7A70200174D4900\",\"Value\":1},{\"Key\":\"6324D8FF92B5020053374900\",\"Value\":1},{\"Key\":\"6B24D8FF78B30200A6424900\",\"Value\":1},{\"Key\":\"4C23D8FFFC9D0200FD974900\",\"Value\":1},{\"Key\":\"1836D8FFA5A1020026854900\",\"Value\":1},{\"Key\":\"5348D8FFC0AF0200935F4900\",\"Value\":1},{\"Key\":\"5949D8FF5EAB0200EC714900\",\"Value\":1},{\"Key\":\"7D51D8FFFCAC02005C6F4900\",\"Value\":1},{\"Key\":\"F341D8FF25A00200818C4900\",\"Value\":1},{\"Key\":\"1834D8FFB5B40200F93F4900\",\"Value\":1},{\"Key\":\"DE3DD8FFE4B3020051464900\",\"Value\":1},{\"Key\":\"8925D8FF78AE0200BE584900\",\"Value\":1},{\"Key\":\"9438D8FF09B0020078584900\",\"Value\":1},{\"Key\":\"9E04D8FFB59E0200DA924900\",\"Value\":1},{\"Key\":\"4B2DD8FFD4AA020052674900\",\"Value\":1},{\"Key\":\"7B18D8FFF29A0200CCB54900\",\"Value\":1},{\"Key\":\"2308D8FF32A00200CB854900\",\"Value\":1},{\"Key\":\"5A6CD8FFD5AF0200DC654900\",\"Value\":1},{\"Key\":\"D57BD8FF4096020096D84900\",\"Value\":1},{\"Key\":\"087BD8FFA6AC0200637A4900\",\"Value\":1},{\"Key\":\"9F8DD8FF86990200FCBE4900\",\"Value\":1},{\"Key\":\"018ED8FF8E980200E4C54900\",\"Value\":1},{\"Key\":\"1E47D8FF99A8020034794900\",\"Value\":1},{\"Key\":\"B793D7FFA1A50200045E4900\",\"Value\":1},{\"Key\":\"D453D8FFDDA10200338D4900\",\"Value\":1},{\"Key\":\"026ED7FF73A70200845E4900\",\"Value\":1},{\"Key\":\"0950D8FF459D02000D9D4900\",\"Value\":1},{\"Key\":\"0885D7FFB2A6020077604900\",\"Value\":1},{\"Key\":\"FA64D7FFDEA702003A5E4900\",\"Value\":1},{\"Key\":\"4B63D7FFE7A70200A9664900\",\"Value\":1},{\"Key\":\"556DD7FF0DA70200D2704900\",\"Value\":1},{\"Key\":\"0E7FD7FF1FA602002E6D4900\",\"Value\":1},{\"Key\":\"7319D9FF49B0020090624900\",\"Value\":1},{\"Key\":\"231FD9FFC1F70200625B4800\",\"Value\":1},{\"Key\":\"D4B0D8FF6C99020012CC4900\",\"Value\":1},{\"Key\":\"E9D0D8FFF1A402006EB24900\",\"Value\":1},{\"Key\":\"9B9ED8FFC09302002BEE4900\",\"Value\":1},{\"Key\":\"0EC4D8FFD49C02003EC94900\",\"Value\":1},{\"Key\":\"C351D8FF88C50200BDD04800\",\"Value\":1},{\"Key\":\"FF58D8FFB8C70200C7C74800\",\"Value\":1},{\"Key\":\"5793D7FF860D0300DEFA4600\",\"Value\":1},{\"Key\":\"A590D7FF4C06030050174700\",\"Value\":1},{\"Key\":\"2884D7FF7DFF0200E1364700\",\"Value\":1},{\"Key\":\"F684D7FF6BFE0200663C4700\",\"Value\":1},{\"Key\":\"9874D6FF22C6020055104900\",\"Value\":1},{\"Key\":\"5C8CD6FFEAC2020091194900\",\"Value\":1},{\"Key\":\"0564D6FFFFC7020021054900\",\"Value\":1},{\"Key\":\"F963D6FF59C902002C264900\",\"Value\":1},{\"Key\":\"8F63D6FFDEC90200373B4900\",\"Value\":1},{\"Key\":\"D77FD6FFAEC4020023254900\",\"Value\":1},{\"Key\":\"1445D6FF2CCF02006A394900\",\"Value\":1},{\"Key\":\"9077D6FFDAC50200AB394900\",\"Value\":1},{\"Key\":\"6435D6FF7CD10200AA324900\",\"Value\":1},{\"Key\":\"7E38D6FFDED00200061B4900\",\"Value\":1},{\"Key\":\"E62DD6FF19D30200953F4900\",\"Value\":1},{\"Key\":\"3122D6FF55D302005C064900\",\"Value\":1},{\"Key\":\"5D22D6FF95D40200A31B4900\",\"Value\":1},{\"Key\":\"1A0FD6FF3BD70200BF0B4900\",\"Value\":1},{\"Key\":\"2E23D6FFADD20200D5FA4800\",\"Value\":1},{\"Key\":\"F811D6FF4AD5020091EE4800\",\"Value\":1},{\"Key\":\"7F20D6FF9DD10200DFDF4800\",\"Value\":1},{\"Key\":\"4118D6FFE6D10200E4CC4800\",\"Value\":1},{\"Key\":\"100FD6FFFAD202003BBB4800\",\"Value\":1},{\"Key\":\"CC0CD6FF77D10200F09A4800\",\"Value\":1},{\"Key\":\"8E4DD6FF10CB02005AFA4800\",\"Value\":1},{\"Key\":\"4C9AD6FFF2C002008E314900\",\"Value\":1},{\"Key\":\"5F92D6FF11C202001B2E4900\",\"Value\":1},{\"Key\":\"CE9CD6FF98C00200E2254900\",\"Value\":1},{\"Key\":\"A5B7D6FF85BC020026394900\",\"Value\":1},{\"Key\":\"8AB0D6FFCEBD02005B1A4900\",\"Value\":1},{\"Key\":\"63CAD6FF70B902007B264900\",\"Value\":1},{\"Key\":\"2BCDD6FF0CB90200B8104900\",\"Value\":1},{\"Key\":\"E6CCD6FF7EB9020050374900\",\"Value\":1},{\"Key\":\"25E2D6FF85B70200BC224900\",\"Value\":1},{\"Key\":\"EDD9D6FF29B8020051064900\",\"Value\":1},{\"Key\":\"58E3D6FF5AB702005F314900\",\"Value\":1},{\"Key\":\"35F7D6FF23B502003A0A4900\",\"Value\":1},{\"Key\":\"15F4D6FF16B602009AF84800\",\"Value\":1},{\"Key\":\"47BAD7FFEFBA02004EF54800\",\"Value\":1},{\"Key\":\"C2AFD7FF3CB802001A004900\",\"Value\":1},{\"Key\":\"63CBD7FFF3B30200D71F4900\",\"Value\":1},{\"Key\":\"0B3BD8FF209C0200D0A54900\",\"Value\":1},{\"Key\":\"69CFD7FFFAA9020031404900\",\"Value\":1},{\"Key\":\"CFBBD7FF29AA020077394900\",\"Value\":1},{\"Key\":\"02E2D7FF30A302009B664900\",\"Value\":1},{\"Key\":\"8F22D8FFF1A4020067724900\",\"Value\":1},{\"Key\":\"9D22D8FF7BA202000F7A4900\",\"Value\":1},{\"Key\":\"7A8CD8FF2CAB0200E5844900\",\"Value\":1},{\"Key\":\"A5E8D8FF42A2020002C64900\",\"Value\":1},{\"Key\":\"87A3D8FFA9AD0200D7784900\",\"Value\":1},{\"Key\":\"9CCDD8FF9296020051E54900\",\"Value\":1},{\"Key\":\"ADD0D8FF2994020032F54900\",\"Value\":1},{\"Key\":\"25C7D8FF9B92020031FF4900\",\"Value\":1},{\"Key\":\"7B13D9FF7BA202001AD24900\",\"Value\":1},{\"Key\":\"9C1DD9FF81A0020010E04900\",\"Value\":1},{\"Key\":\"9C23D9FF439E02001CEF4900\",\"Value\":1},{\"Key\":\"771DD9FFD69D020097F04900\",\"Value\":1},{\"Key\":\"BD30D9FFC09B0200F0044A00\",\"Value\":1},{\"Key\":\"38B3D8FFCB900200F20A4A00\",\"Value\":1},{\"Key\":\"681BD9FF6D9302008B1D4A00\",\"Value\":1},{\"Key\":\"DE10D9FFC796020011094A00\",\"Value\":1},{\"Key\":\"DAA8D8FFD5900200820A4A00\",\"Value\":1},{\"Key\":\"B727D9FF1E8C0200B9474A00\",\"Value\":1},{\"Key\":\"EA0FD9FFCE8A0200474C4A00\",\"Value\":1},{\"Key\":\"7827D9FF4A8902006B5D4A00\",\"Value\":1},{\"Key\":\"0317D9FF8786020000714A00\",\"Value\":1},{\"Key\":\"FCFAD8FF58830200948A4A00\",\"Value\":1},{\"Key\":\"37E7D8FFA1840200EA7C4A00\",\"Value\":1},{\"Key\":\"2FD0D8FF7387020060654A00\",\"Value\":1},{\"Key\":\"70E7D8FFAD82020092924A00\",\"Value\":1},{\"Key\":\"22B4D8FF49870200E6664A00\",\"Value\":1},{\"Key\":\"9EBDD8FF2E8B0200B03B4A00\",\"Value\":1},{\"Key\":\"D0A9D8FF318A0200B3424A00\",\"Value\":1},{\"Key\":\"939DD8FFE3880200A84F4A00\",\"Value\":1},{\"Key\":\"19B1D8FF4E8D020063284A00\",\"Value\":1},{\"Key\":\"BF9ED8FF9C8C0200C42F4A00\",\"Value\":1},{\"Key\":\"4092D8FFCD8B0200BA374A00\",\"Value\":1},{\"Key\":\"8D96D8FF6C8D020025274A00\",\"Value\":1},{\"Key\":\"E195D8FF0190020056134A00\",\"Value\":1},{\"Key\":\"F08AD8FF0791020074084A00\",\"Value\":1},{\"Key\":\"3482D8FF0C900200D8124A00\",\"Value\":1},{\"Key\":\"7A6DD8FF22900200F0114A00\",\"Value\":1},{\"Key\":\"5578D8FFF991020066014A00\",\"Value\":1},{\"Key\":\"3B70D8FFC5930200B6ED4900\",\"Value\":1},{\"Key\":\"0B7FD8FFE193020060EB4900\",\"Value\":1},{\"Key\":\"F367D8FFE0900200950B4A00\",\"Value\":1},{\"Key\":\"9067D8FF339602001ED94900\",\"Value\":1},{\"Key\":\"445ED8FF2B970200D7CE4900\",\"Value\":1},{\"Key\":\"A465D8FF0297020088D04900\",\"Value\":1},{\"Key\":\"4D77D8FF47970200B0CD4900\",\"Value\":1},{\"Key\":\"236FD8FF429902008FBE4900\",\"Value\":1},{\"Key\":\"EA2AD8FF3C9A0200A3B74900\",\"Value\":1},{\"Key\":\"0C7BD8FF2899020042BF4900\",\"Value\":1},{\"Key\":\"D95DD8FFE095020099DB4900\",\"Value\":1},{\"Key\":\"5D6ED8FF459B0200FBAB4900\",\"Value\":1},{\"Key\":\"F722D8FFF29B02005AAB4900\",\"Value\":1},{\"Key\":\"C86FD8FF9AA60200D38D4900\",\"Value\":1},{\"Key\":\"4C6CD8FF8EA8020092864900\",\"Value\":1},{\"Key\":\"A65DD8FFBCA70200A3834900\",\"Value\":1},{\"Key\":\"3051D8FFE3C00200E6E84800\",\"Value\":1},{\"Key\":\"286DD8FFF4BC0200A9064900\",\"Value\":1},{\"Key\":\"5A64D8FF1ABF020017F84800\",\"Value\":1},{\"Key\":\"CA7CD8FF6DC30200B5E54800\",\"Value\":1},{\"Key\":\"9883D8FF9EA80200A48E4900\",\"Value\":1},{\"Key\":\"F950D8FF4FB402001C474900\",\"Value\":1},{\"Key\":\"23CED7FF21B70200CE124900\",\"Value\":1},{\"Key\":\"02A0D7FF12AE020065204900\",\"Value\":1},{\"Key\":\"09A9D7FFE0C2020021C74800\",\"Value\":1},{\"Key\":\"A5CDD7FF04CF0200BB794800\",\"Value\":1},{\"Key\":\"1F9CD7FF7FC1020028C74800\",\"Value\":1},{\"Key\":\"D094D6FF17C102008D0C4900\",\"Value\":1},{\"Key\":\"5FCED6FF24BA0200C95B4900\",\"Value\":1},{\"Key\":\"8FFBD6FF54B30200DA8D4900\",\"Value\":1},{\"Key\":\"07F4D6FFBFB402009E944900\",\"Value\":1},{\"Key\":\"70E6D6FF7DB60200F9A44900\",\"Value\":1},{\"Key\":\"4ADED6FFA8B602008EAB4900\",\"Value\":1},{\"Key\":\"CC8AD7FFDAA3020000B44900\",\"Value\":1},{\"Key\":\"7F24D7FFCAC902005BE84A00\",\"Value\":1},{\"Key\":\"E110D7FF6DCD020051F24A00\",\"Value\":1},{\"Key\":\"1AE8D6FF0FB60200ACD04900\",\"Value\":1},{\"Key\":\"DAE2D6FFA7B60200C5DD4900\",\"Value\":1},{\"Key\":\"C0D4D6FFFAB70200D3C74900\",\"Value\":1},{\"Key\":\"3AC0D6FFD7BA0200A5CC4900\",\"Value\":1},{\"Key\":\"32BAD6FF68BB0200D0C84900\",\"Value\":1},{\"Key\":\"DCB3D6FF01BC0200F1BF4900\",\"Value\":1},{\"Key\":\"A9C3D6FF63BA0200FFB24900\",\"Value\":1},{\"Key\":\"06E1D6FF64B6020072BA4900\",\"Value\":1},{\"Key\":\"9D0CD7FFCEB00200DD934900\",\"Value\":1},{\"Key\":\"CD05D7FFC5B102001E844900\",\"Value\":1},{\"Key\":\"2C1AD7FFE4AE02009E814900\",\"Value\":1},{\"Key\":\"98E9D6FF78B60200E4794900\",\"Value\":1},{\"Key\":\"C303D7FF0EB2020098664900\",\"Value\":1},{\"Key\":\"4C13D7FF0FB002009C734900\",\"Value\":1},{\"Key\":\"4029D7FF73AD020012734900\",\"Value\":1},{\"Key\":\"E335D7FFA5AC0200C1AB4900\",\"Value\":1},{\"Key\":\"B836D7FF9DAC0200B4B24900\",\"Value\":1},{\"Key\":\"1578D7FF3BA5020039CD4900\",\"Value\":1},{\"Key\":\"6A37D7FFDCAC020002534900\",\"Value\":1},{\"Key\":\"4246D7FF81AB0200FD434900\",\"Value\":1},{\"Key\":\"2F35D7FF5DAD0200D34B4900\",\"Value\":1},{\"Key\":\"8859D7FF42AA02008A434900\",\"Value\":1},{\"Key\":\"2852D7FFF1A90200EC5D4900\",\"Value\":1},{\"Key\":\"70A5D7FFF1A00200CEBA4900\",\"Value\":1},{\"Key\":\"B4CBD7FFFD9F0200B3904900\",\"Value\":1},{\"Key\":\"DE9DD7FFB0A40200AE714900\",\"Value\":1},{\"Key\":\"13A3D7FF2EA70200B04C4900\",\"Value\":1},{\"Key\":\"36A5D7FFA8A40200456C4900\",\"Value\":1},{\"Key\":\"DFB0D7FF51A50200AD5E4900\",\"Value\":1},{\"Key\":\"FC38D7FF52AD0200553A4900\",\"Value\":1},{\"Key\":\"39AFD7FFF7A60200BA4C4900\",\"Value\":1},{\"Key\":\"5AC3D7FF94A402002D5F4900\",\"Value\":1},{\"Key\":\"7DBBD7FF0DA40200D1664900\",\"Value\":1},{\"Key\":\"07C3D7FF08A20200F0794900\",\"Value\":1},{\"Key\":\"B3CBD7FFE5A4020076574900\",\"Value\":1},{\"Key\":\"4BCED7FF5BA3020001674900\",\"Value\":1},{\"Key\":\"5ECBD7FF30A10200D67F4900\",\"Value\":1},{\"Key\":\"7E8BD7FF9BB0020008094900\",\"Value\":1},{\"Key\":\"0488D7FFE6AC0200B3194900\",\"Value\":1},{\"Key\":\"2D70D7FF05AC0200BA264900\",\"Value\":1},{\"Key\":\"7C5BD7FF55AB0200FD2D4900\",\"Value\":1},{\"Key\":\"246ED7FF4DAB02005C2E4900\",\"Value\":1},{\"Key\":\"A096D7FF7DB30200C0064900\",\"Value\":1},{\"Key\":\"5922D6FF12D502009F334900\",\"Value\":1},{\"Key\":\"8217D6FFDBD70200C1404900\",\"Value\":1},{\"Key\":\"440FD6FFCFD9020076464900\",\"Value\":1},{\"Key\":\"810CD6FFBDD90200E12D4900\",\"Value\":1},{\"Key\":\"EB20D6FFA7D502005D554900\",\"Value\":1},{\"Key\":\"2936D6FFF5D10200A7494900\",\"Value\":1},{\"Key\":\"D14FD6FF32CD02009A544900\",\"Value\":1},{\"Key\":\"1646D6FF06CF020050544900\",\"Value\":1},{\"Key\":\"8348D6FF92CE0200D06C4900\",\"Value\":1},{\"Key\":\"C94DD6FF94CD0200B06D4900\",\"Value\":1},{\"Key\":\"DE65D6FFC9C90200E6524900\",\"Value\":1},{\"Key\":\"CE06D6FF2ED80200F3004900\",\"Value\":1},{\"Key\":\"D60BD6FF16D6020028E34800\",\"Value\":1},{\"Key\":\"0B63D6FF2FCA0200A27A4900\",\"Value\":1},{\"Key\":\"4E5BD6FF38CB0200C1814900\",\"Value\":1},{\"Key\":\"E6FCD6FF13B3020081404900\",\"Value\":1},{\"Key\":\"7BF9D6FFB8B30200F4584900\",\"Value\":1},{\"Key\":\"6B19D7FF9EAF0200315D4900\",\"Value\":1},{\"Key\":\"0923D7FF5CAE0200915F4900\",\"Value\":1},{\"Key\":\"F58CD6FFD4C20200F48B4900\",\"Value\":1},{\"Key\":\"0E68D8FF85D302000EA14800\",\"Value\":1},{\"Key\":\"81D0D8FF07FC020096304800\",\"Value\":1},{\"Key\":\"E8BAD8FF54F8020091374800\",\"Value\":1},{\"Key\":\"55E5D7FFD4F3020002C44700\",\"Value\":1},{\"Key\":\"01D7D7FFD6ED020048CF4700\",\"Value\":1},{\"Key\":\"61E3D7FF62EE02007DDD4700\",\"Value\":1},{\"Key\":\"55CFD7FF1AE102007C0D4800\",\"Value\":1},{\"Key\":\"5C66D8FFE30A03006BB84700\",\"Value\":1},{\"Key\":\"8458D8FF9A040300FBCE4700\",\"Value\":1},{\"Key\":\"AC4ED8FF5108030060B34700\",\"Value\":1},{\"Key\":\"7F3AD8FF26090300E9A14700\",\"Value\":1},{\"Key\":\"4693D8FFC9C00200B5FB4800\",\"Value\":1},{\"Key\":\"3ABBD7FF8BD00200EA6E4800\",\"Value\":1},{\"Key\":\"93DAD7FF4CD702002A464800\",\"Value\":1},{\"Key\":\"C0D4D7FF5CF402008AAC4700\",\"Value\":1},{\"Key\":\"53E1D7FF46030300E3764700\",\"Value\":1},{\"Key\":\"C8DED7FFBCF902008FA04700\",\"Value\":1},{\"Key\":\"8775D3FF3C5C03001C1A4900\",\"Value\":1},{\"Key\":\"137ED3FF6E5A03009A0E4900\",\"Value\":1},{\"Key\":\"E471D3FF275E03008F334900\",\"Value\":1},{\"Key\":\"0687D3FF595C03007E4A4900\",\"Value\":1},{\"Key\":\"5478D3FFA15E03001C524900\",\"Value\":1},{\"Key\":\"9467D3FF935F03004F464900\",\"Value\":1},{\"Key\":\"A269D3FFAA5E0300DE364900\",\"Value\":1},{\"Key\":\"5E72D3FF315F03006E5D4900\",\"Value\":1},{\"Key\":\"9176D3FFCC5E03009C6F4900\",\"Value\":1},{\"Key\":\"3B62D3FF196103008C674900\",\"Value\":1},{\"Key\":\"FC55D3FF64620300EB3A4900\",\"Value\":3},{\"Key\":\"4B29D3FF12670300CD204900\",\"Value\":1},{\"Key\":\"6E1DD3FF186A030030314900\",\"Value\":1},{\"Key\":\"2136D3FFB4660300AE444900\",\"Value\":1},{\"Key\":\"9C3ED3FFCC630300D41E4900\",\"Value\":1},{\"Key\":\"DF38D3FFB2650300742F4900\",\"Value\":1},{\"Key\":\"7AFCD2FF9E6D0300E1194900\",\"Value\":1},{\"Key\":\"F108D3FFAC6B0300B41A4900\",\"Value\":1},{\"Key\":\"EC13D3FFDE680300A70C4900\",\"Value\":1},{\"Key\":\"6FB4D2FF9D750300AEFB4800\",\"Value\":1},{\"Key\":\"15F3D2FFF46D0300080C4900\",\"Value\":1},{\"Key\":\"39EDD2FFA36E0300850A4900\",\"Value\":1},{\"Key\":\"F6F5D2FF866C0300E0FF4800\",\"Value\":1},{\"Key\":\"7B1DD3FFF8670300B1134900\",\"Value\":1},{\"Key\":\"85B9D2FF8C72030056E64800\",\"Value\":1},{\"Key\":\"B9DFD2FFEE6B030082D94800\",\"Value\":1},{\"Key\":\"E350D3FF505F0300FC044900\",\"Value\":1},{\"Key\":\"4035D3FF3163030096044900\",\"Value\":1},{\"Key\":\"CA5FD3FF2B5D0300C5044900\",\"Value\":1},{\"Key\":\"4BDED2FF46690300C3C44800\",\"Value\":1},{\"Key\":\"334DD3FF085E030092EE4800\",\"Value\":1},{\"Key\":\"2C31D3FFF862030077F44800\",\"Value\":1},{\"Key\":\"D8B0D2FF3D6A030036A24800\",\"Value\":1},{\"Key\":\"175ED3FFB35B030086F04800\",\"Value\":1},{\"Key\":\"6149D3FF945C030069DA4800\",\"Value\":1},{\"Key\":\"1332D3FF2461030070E34800\",\"Value\":1},{\"Key\":\"A947D3FFEC5A030029CE4800\",\"Value\":1},{\"Key\":\"F66AD3FF2C570300CCDA4800\",\"Value\":1},{\"Key\":\"B81DD3FFFD5E0300E8B94800\",\"Value\":1},{\"Key\":\"E732D3FFD75B03009DB94800\",\"Value\":1},{\"Key\":\"8A07D3FF545403003A634800\",\"Value\":1},{\"Key\":\"3851D3FFC356030083B74800\",\"Value\":1},{\"Key\":\"345FD3FF4F540300C2BA4800\",\"Value\":1},{\"Key\":\"843FD3FFA258030087AF4800\",\"Value\":1},{\"Key\":\"8F78D3FF92510300B7C04800\",\"Value\":1},{\"Key\":\"B433D3FF495703002A9A4800\",\"Value\":1},{\"Key\":\"2E79D3FFE84E0300B7B04800\",\"Value\":1},{\"Key\":\"7571D3FF795003009FB24800\",\"Value\":1},{\"Key\":\"498CD3FF6D4C0300EBAA4800\",\"Value\":1},{\"Key\":\"8A5DD3FFBA4D0300538E4800\",\"Value\":1},{\"Key\":\"2484D3FF5E47030098844800\",\"Value\":1},{\"Key\":\"AD7AD3FF7946030058794800\",\"Value\":1},{\"Key\":\"F25DD3FFC9460300DA634800\",\"Value\":1},{\"Key\":\"CE23D3FF176A0300745F4900\",\"Value\":1},{\"Key\":\"271CD3FF696A0300AA484900\",\"Value\":1},{\"Key\":\"312ED3FF48280300ED344700\",\"Value\":1},{\"Key\":\"7667D3FF5C600300E37A4900\",\"Value\":1},{\"Key\":\"F752D3FF40630300D3564900\",\"Value\":1},{\"Key\":\"BE49D3FF8E640300975F4900\",\"Value\":1},{\"Key\":\"7DABD3FF79570300CD554900\",\"Value\":1},{\"Key\":\"47E0D3FFBD500300F1784900\",\"Value\":1},{\"Key\":\"01E2D3FF7E500300E4724900\",\"Value\":1},{\"Key\":\"E9DFD3FFCA500300B0464900\",\"Value\":1},{\"Key\":\"1FEDD3FF854E0300A5544900\",\"Value\":1},{\"Key\":\"B4EFD3FF084E03001D664900\",\"Value\":1},{\"Key\":\"42EBD3FFFE4D030015354900\",\"Value\":1},{\"Key\":\"0001D4FF664B0300F8534900\",\"Value\":1},{\"Key\":\"B70AD4FF8A49030042744900\",\"Value\":1},{\"Key\":\"AD06D4FF744A0300434D4900\",\"Value\":1},{\"Key\":\"C65ED4FF923903009A1C4900\",\"Value\":1},{\"Key\":\"2D32D4FFE4420300E8334900\",\"Value\":1},{\"Key\":\"A537D4FF974103008C314900\",\"Value\":1},{\"Key\":\"282FD4FF16420300981A4900\",\"Value\":1},{\"Key\":\"E837D4FF35400300E50F4900\",\"Value\":1},{\"Key\":\"5042D4FFC63E0300A61A4900\",\"Value\":1},{\"Key\":\"3B1ED4FFE445030008304900\",\"Value\":1},{\"Key\":\"80ACD7FFBEE702001CCF4700\",\"Value\":1},{\"Key\":\"00DED6FF1AB80200AB404900\",\"Value\":1},{\"Key\":\"C5E8D6FF96B60200C04B4900\",\"Value\":1},{\"Key\":\"4C19D7FFE2AF0200B5424900\",\"Value\":1},{\"Key\":\"B40CD7FF2EB20200EE344900\",\"Value\":1},{\"Key\":\"F6FFD6FFC8B202005A3A4900\",\"Value\":1},{\"Key\":\"FF01D7FF6DB3020018274900\",\"Value\":1},{\"Key\":\"49DDD3FF704E03008D104900\",\"Value\":1},{\"Key\":\"80C5D3FFD350030072034900\",\"Value\":1},{\"Key\":\"F623D3FF382703000F194700\",\"Value\":1},{\"Key\":\"8861D3FFE14E0300D3984800\",\"Value\":1},{\"Key\":\"3854D3FF77520300749F4800\",\"Value\":1},{\"Key\":\"F880D3FFF34B03008BA14800\",\"Value\":1},{\"Key\":\"6594D3FFF249030076A14800\",\"Value\":1},{\"Key\":\"3044D3FF84230300BB234700\",\"Value\":1},{\"Key\":\"5125D3FF1D2903009D2B4700\",\"Value\":1},{\"Key\":\"EE37D3FF3125030028224700\",\"Value\":1},{\"Key\":\"FC5DD3FFEE400300E2444800\",\"Value\":1},{\"Key\":\"C14CD3FF1D450300FA4B4800\",\"Value\":1},{\"Key\":\"2D4AD3FF534203009D354800\",\"Value\":1},{\"Key\":\"1367D3FF3349030005794800\",\"Value\":1},{\"Key\":\"9C0BD3FF0B6E0300F7514900\",\"Value\":1},{\"Key\":\"5906D3FF096E030070314900\",\"Value\":1},{\"Key\":\"3CE4D2FFE3720300C2514900\",\"Value\":1},{\"Key\":\"B0FAD2FFAC6F0300993F4900\",\"Value\":1},{\"Key\":\"40FCD2FF596F0300F6394900\",\"Value\":1},{\"Key\":\"A306D3FFBF6E030039634900\",\"Value\":1},{\"Key\":\"3EEAD2FF5371030079394900\",\"Value\":1},{\"Key\":\"2841D4FFD63C030081FA4800\",\"Value\":1},{\"Key\":\"904FD4FF583B0300F2134900\",\"Value\":1},{\"Key\":\"60D8D2FF43700300FCF44800\",\"Value\":1},{\"Key\":\"E4C5D2FF68740300AB084900\",\"Value\":1},{\"Key\":\"78C4D2FF0E740300FDFF4800\",\"Value\":1},{\"Key\":\"6EE0D2FF3E6F03007EF74800\",\"Value\":1},{\"Key\":\"97C4D2FFA376030013264900\",\"Value\":1},{\"Key\":\"49B2D2FF2C79030028254900\",\"Value\":1},{\"Key\":\"199BD2FFBF7B03003C224900\",\"Value\":1},{\"Key\":\"FA9AD2FF0C7C030036374900\",\"Value\":1},{\"Key\":\"0FACD2FF6573030051E04800\",\"Value\":1},{\"Key\":\"D28CD2FF0A7D030024274900\",\"Value\":1},{\"Key\":\"108CD2FF137D0300F82E4900\",\"Value\":1},{\"Key\":\"2889D2FF227C0300FE104900\",\"Value\":1},{\"Key\":\"A3A1D2FF48790300B4114900\",\"Value\":1},{\"Key\":\"F0B2D2FF9870030092CF4800\",\"Value\":1},{\"Key\":\"308CD2FFCD78030091EE4800\",\"Value\":1},{\"Key\":\"ECB3D2FF4B6F03006DC44800\",\"Value\":1},{\"Key\":\"68B2D2FF966C03000EB04800\",\"Value\":1},{\"Key\":\"98C7D2FFFC650300E09A4800\",\"Value\":1},{\"Key\":\"A89ED2FF78660300EC834800\",\"Value\":1},{\"Key\":\"1309D2FFA087030018994800\",\"Value\":1},{\"Key\":\"1CC6D2FF5F5F030044704800\",\"Value\":1},{\"Key\":\"EEB3D2FF006303006C774800\",\"Value\":1},{\"Key\":\"2EBAD2FFD75E0300F9634800\",\"Value\":1},{\"Key\":\"3898D2FF955F0300E6414800\",\"Value\":1},{\"Key\":\"3595D2FF2E5A0300B1104800\",\"Value\":1},{\"Key\":\"B794D2FFC4560300D7F24700\",\"Value\":1},{\"Key\":\"EBC5D2FF534E030039F54700\",\"Value\":1},{\"Key\":\"32B7D2FF6C4C03007ACC4700\",\"Value\":1},{\"Key\":\"9085D2FF8354030009B54700\",\"Value\":1},{\"Key\":\"9836D3FF602303000E104700\",\"Value\":1},{\"Key\":\"20D7D2FF315F0300AA7A4800\",\"Value\":1},{\"Key\":\"20ECD2FFF35B030017794800\",\"Value\":1},{\"Key\":\"79D6D2FF955C0300E6674800\",\"Value\":1},{\"Key\":\"0DA0D3FF034F0300ECCF4800\",\"Value\":1},{\"Key\":\"3CA9D3FF744B0300F7BA4800\",\"Value\":1},{\"Key\":\"69A9D3FF025003003DE14800\",\"Value\":1},{\"Key\":\"7A69D3FF7F5F0300EFA24900\",\"Value\":1},{\"Key\":\"314CD4FF573D0300EB244900\",\"Value\":1},{\"Key\":\"112DD4FFBC4103008D064900\",\"Value\":1},{\"Key\":\"3D7CD3FF88310300F7FB4700\",\"Value\":1},{\"Key\":\"3F6ED3FF15330300B6F54700\",\"Value\":1},{\"Key\":\"5B73D3FF312F030039DC4700\",\"Value\":1},{\"Key\":\"4F7AD3FF142D030075CD4700\",\"Value\":1},{\"Key\":\"9878D3FFB52B03000EB54700\",\"Value\":1},{\"Key\":\"9554D3FF1E3103002CB84700\",\"Value\":1},{\"Key\":\"C29ED2FF963F03009B174700\",\"Value\":1},{\"Key\":\"1EB4D2FF9E4103000E674700\",\"Value\":1},{\"Key\":\"0D8ED2FF08430300061B4700\",\"Value\":1},{\"Key\":\"AD7AD2FF68470300F21F4700\",\"Value\":1},{\"Key\":\"AD40D4FFBA390300D9D44800\",\"Value\":1},{\"Key\":\"7698DCFF92130200072E4E00\",\"Value\":1},{\"Key\":\"88AEDCFF83110200ED374E00\",\"Value\":1},{\"Key\":\"B897DCFF45130200E9384E00\",\"Value\":1},{\"Key\":\"2A76DCFFEE160200F3384E00\",\"Value\":1},{\"Key\":\"2075DCFF40170200332E4E00\",\"Value\":1},{\"Key\":\"656DDCFF32180200DF584E00\",\"Value\":1},{\"Key\":\"8DB0ECFF0686090003AB2500\",\"Value\":1},{\"Key\":\"3612EDFF068609007E062500\",\"Value\":1},{\"Key\":\"315CEDFF0686090048252500\",\"Value\":3},{\"Key\":\"8F18EDFF06860900DF552500\",\"Value\":3},{\"Key\":\"FB6AEDFF06860900070A2500\",\"Value\":1},{\"Key\":\"DE83EDFF068609006C582500\",\"Value\":1},{\"Key\":\"7B84EDFF06860900323F2500\",\"Value\":1},{\"Key\":\"A889EDFF06860900AD6C2500\",\"Value\":1},{\"Key\":\"47F7ECFF06860900DC6E2500\",\"Value\":1},{\"Key\":\"F5ECE2FF36D30700D6A01E00\",\"Value\":1},{\"Key\":\"6BB0D7FF61AC0200F22D4900\",\"Value\":1},{\"Key\":\"A552D9FF906C020049744B00\",\"Value\":1},{\"Key\":\"7041D9FF406E0200A96A4B00\",\"Value\":1},{\"Key\":\"C825D9FFAB6F02009A614B00\",\"Value\":1},{\"Key\":\"3712D9FF8B6F02004F744B00\",\"Value\":1},{\"Key\":\"5810D9FFB86F020071664B00\",\"Value\":1},{\"Key\":\"3710D9FFBB6F02008F804B00\",\"Value\":1},{\"Key\":\"14BBD8FFE7760200C9754B00\",\"Value\":1},{\"Key\":\"89D2D8FF07750200B19E4B00\",\"Value\":1},{\"Key\":\"9CBDD8FFFC770200F0944B00\",\"Value\":1},{\"Key\":\"33BBD8FFE3760200286A4B00\",\"Value\":1},{\"Key\":\"E9BDD8FFE6760200AC5A4B00\",\"Value\":1},{\"Key\":\"BDE1D8FFC77602000D294B00\",\"Value\":1},{\"Key\":\"53EBD8FFA472020064614B00\",\"Value\":1},{\"Key\":\"03E5D8FFC67302006C4F4B00\",\"Value\":1},{\"Key\":\"CFF3D8FFA7710200C6694B00\",\"Value\":1},{\"Key\":\"E6EBD8FF6575020082314B00\",\"Value\":1},{\"Key\":\"B508D9FFC3730200683B4B00\",\"Value\":1},{\"Key\":\"7C09D9FF4F75020053274B00\",\"Value\":1},{\"Key\":\"A813D9FFD576020037144B00\",\"Value\":1},{\"Key\":\"19ECDDFF4CF70100ADBA4D00\",\"Value\":1},{\"Key\":\"7467D9FFB76D020032624B00\",\"Value\":1},{\"Key\":\"8970D9FFBB6D0200EE604B00\",\"Value\":1},{\"Key\":\"2A09D9FFC472020089454B00\",\"Value\":1},{\"Key\":\"BDF5D8FF1D7102005E7E4B00\",\"Value\":1},{\"Key\":\"F3FCD8FF2D7102000B6E4B00\",\"Value\":1},{\"Key\":\"58F6D8FF7D710200E9994B00\",\"Value\":1},{\"Key\":\"4572D9FF7E6C0200AD754B00\",\"Value\":1},{\"Key\":\"38E1D8FFB9720200D6884B00\",\"Value\":1},{\"Key\":\"CFFDD8FF197102004C924B00\",\"Value\":1},{\"Key\":\"C11DD9FF31400400ECC45B00\",\"Value\":1},{\"Key\":\"9646D9FFFE3F040017C85B00\",\"Value\":1},{\"Key\":\"592AD9FF16460400FAE35B00\",\"Value\":1},{\"Key\":\"8AD3D8FF6750040056225C00\",\"Value\":1},{\"Key\":\"0CAACBFFA5F20400F2AE3F00\",\"Value\":1},{\"Key\":\"C496CBFFA4F70400AEA73F00\",\"Value\":1},{\"Key\":\"1722CCFF87FD0400D47C3F00\",\"Value\":1},{\"Key\":\"0118CCFFDAFD040081723F00\",\"Value\":1},{\"Key\":\"2430CCFF8FFE04004F633F00\",\"Value\":1},{\"Key\":\"1923CCFF69FC04007E613F00\",\"Value\":1},{\"Key\":\"5E11CCFFFFFB040037543F00\",\"Value\":1},{\"Key\":\"66E6D5FF02E00200C2074900\",\"Value\":1},{\"Key\":\"FD1FD3FFB325030043014700\",\"Value\":1},{\"Key\":\"B31BD3FF5B25030016F34600\",\"Value\":1},{\"Key\":\"791ED3FF452003004DB74600\",\"Value\":1},{\"Key\":\"1D4CD5FF79050300D1DA4800\",\"Value\":1},{\"Key\":\"573DD5FFB4080300F3D04800\",\"Value\":1},{\"Key\":\"452CD7FFB7AD0200CFC14900\",\"Value\":3},{\"Key\":\"AA07DBFF4A52020042A24B00\",\"Value\":1},{\"Key\":\"5F1EDBFF8A510200CBA34B00\",\"Value\":1},{\"Key\":\"5F18DBFF3F4F02007AB54B00\",\"Value\":1},{\"Key\":\"9A76D9FFB5D0020070695100\",\"Value\":1},{\"Key\":\"5A73D9FF31CC0200FE415100\",\"Value\":1},{\"Key\":\"E973D9FF6FC80200E0255100\",\"Value\":1},{\"Key\":\"9CFED3FFDE490300D41D4900\",\"Value\":1},{\"Key\":\"A9F6D3FF4F4B0300301B4900\",\"Value\":1},{\"Key\":\"744DB7FFB9060400D81E0800\",\"Value\":1},{\"Key\":\"6B42B7FF0E0F040085090800\",\"Value\":1},{\"Key\":\"9DF0B5FF8CD403008C080900\",\"Value\":1},{\"Key\":\"E024B6FFBAF80300E38C0800\",\"Value\":1},{\"Key\":\"9925B6FF71F3030091A00800\",\"Value\":1},{\"Key\":\"1A41B6FF08060400B4680800\",\"Value\":1},{\"Key\":\"5E2DB6FF9EFD0300257D0800\",\"Value\":1},{\"Key\":\"D342B6FF5A000400E7790800\",\"Value\":1},{\"Key\":\"B254B6FF0E0F0400E7540800\",\"Value\":1},{\"Key\":\"DCEEBCFFA4200600E6FA0500\",\"Value\":1},{\"Key\":\"0723B6FF72EE03001DB20800\",\"Value\":1},{\"Key\":\"860BB6FF66ED030020B20800\",\"Value\":1},{\"Key\":\"252FB6FF7DEB0300BFBD0800\",\"Value\":1},{\"Key\":\"3928B6FF51E3030013D60800\",\"Value\":1},{\"Key\":\"7D53B6FF97F5030070A30800\",\"Value\":1},{\"Key\":\"4CD0B6FF42F2030067980800\",\"Value\":1},{\"Key\":\"5DE0B6FF0AEF030071990800\",\"Value\":1},{\"Key\":\"D5EBB5FFD3CC0300C6430900\",\"Value\":1},{\"Key\":\"FFF8B5FFB2CC030005450900\",\"Value\":1},{\"Key\":\"9B08B6FF56CE0300DC2F0900\",\"Value\":1},{\"Key\":\"05FBB5FFFECF030043240900\",\"Value\":1},{\"Key\":\"2DE9B5FFFDCF030070240900\",\"Value\":1},{\"Key\":\"681AB6FF88CE0300D22D0900\",\"Value\":1},{\"Key\":\"D514B6FF1CD7030068FD0800\",\"Value\":1},{\"Key\":\"D6F4B5FF21D10300E21B0900\",\"Value\":1},{\"Key\":\"7E60B6FF2CDB0300D5F80800\",\"Value\":3},{\"Key\":\"5E5FB6FFE8CA0300C8420900\",\"Value\":1},{\"Key\":\"9673B6FF97CC030000350900\",\"Value\":1},{\"Key\":\"5AE4BCFF67200600ED040600\",\"Value\":1},{\"Key\":\"8512BCFFC2F60700012CFAFF\",\"Value\":1},{\"Key\":\"9262BAFF83011100B293BFFF\",\"Value\":1},{\"Key\":\"337ABAFF910111002A96BFFF\",\"Value\":1},{\"Key\":\"3E2ABAFFB7FE1000E69DBFFF\",\"Value\":1},{\"Key\":\"D00FBAFF58FE1000B190BFFF\",\"Value\":1},{\"Key\":\"D452BAFF88FF1000CA9CBFFF\",\"Value\":1},{\"Key\":\"7044BAFFFBFE10003B98BFFF\",\"Value\":1},{\"Key\":\"FB2DBAFFEAFE10003787BFFF\",\"Value\":1},{\"Key\":\"3885BAFF910111003140BFFF\",\"Value\":1},{\"Key\":\"EF2CBAFF650011001B50BFFF\",\"Value\":1},{\"Key\":\"C30FBAFF180011000C47BFFF\",\"Value\":1},{\"Key\":\"97D9B9FFD3FE10002D40BFFF\",\"Value\":1},{\"Key\":\"F0E9B9FF460011005816BFFF\",\"Value\":1},{\"Key\":\"7292B6FF472A1000D5B4CDFF\",\"Value\":1},{\"Key\":\"2691B6FF7E321000C899CDFF\",\"Value\":1},{\"Key\":\"259DB6FF54361000A88DCDFF\",\"Value\":1},{\"Key\":\"FC88B6FF553910002C80CDFF\",\"Value\":1},{\"Key\":\"F3ABB7FFA30E11008622C2FF\",\"Value\":1},{\"Key\":\"AB23B9FF08F3100050C0BEFF\",\"Value\":1},{\"Key\":\"A253B9FF1EF91000F7BCBEFF\",\"Value\":1},{\"Key\":\"0F04B9FF2BEF100065B6BEFF\",\"Value\":1},{\"Key\":\"AC48B9FF48F810002FB2BEFF\",\"Value\":1},{\"Key\":\"166EB9FFA7FC10000DA9BEFF\",\"Value\":1},{\"Key\":\"3E40B9FF62F810004D93BEFF\",\"Value\":1},{\"Key\":\"DC71BAFF75FA1000591DBCFF\",\"Value\":1},{\"Key\":\"93EABBFFFA00110008D8BCFF\",\"Value\":1},{\"Key\":\"82F6C2FF9A9205007DBA0600\",\"Value\":1},{\"Key\":\"5EF5C2FFC69005002ECE0600\",\"Value\":1},{\"Key\":\"84B8C8FFF8A50600E5A50800\",\"Value\":1},{\"Key\":\"A2C4C8FF35A90600EC9C0800\",\"Value\":1},{\"Key\":\"ED26DBFF6552020039964B00\",\"Value\":3},{\"Key\":\"F30FD9FFB5710200484B4B00\",\"Value\":1},{\"Key\":\"9608D9FF4C710200F3574B00\",\"Value\":1},{\"Key\":\"BE23D9FFB36D02009A7F4B00\",\"Value\":1},{\"Key\":\"B93AD9FF0C6D0200647C4B00\",\"Value\":1},{\"Key\":\"E82CD9FFBB6D02001E764B00\",\"Value\":1},{\"Key\":\"7A4FD7FFC8450400B9265B00\",\"Value\":3},{\"Key\":\"96C9DAFF145E0200EB724B00\",\"Value\":3},{\"Key\":\"55A0DAFFFB600200C86F4B00\",\"Value\":3},{\"Key\":\"BAA3DAFF3B7402007E134B00\",\"Value\":3},{\"Key\":\"D5A6DAFF9781020087DC4A00\",\"Value\":3},{\"Key\":\"D6ABD7FF7BE2020044ED4700\",\"Value\":1}],\"SerializedName\":\"WorldObjectLocatorManager\",\"UniqueFile\":true}"}}