{"Version":"0.0.0","Data":{"ZipLineManager":"{\"Version\":\"0.0.0\",\"Ziplines\":[{\"_anchorAPosition\":{\"x\":-1020.40515,\"y\":87.11693,\"z\":119.211052},\"_anchorBPosition\":{\"x\":-1013.12457,\"y\":85.77879,\"z\":118.3919},\"_canBeDismantled\":true},{\"_anchorAPosition\":{\"x\":-671.5,\"y\":54.80684,\"z\":1179.34021},\"_anchorBPosition\":{\"x\":-681.3883,\"y\":50.9268341,\"z\":1191.43152},\"_canBeDismantled\":true},{\"_anchorAPosition\":{\"x\":-652.6331,\"y\":139.76828,\"z\":1189.77454},\"_anchorBPosition\":{\"x\":-728.7884,\"y\":55.1411629,\"z\":1201.62439},\"_canBeDismantled\":true},{\"_anchorAPosition\":{\"x\":-580.6178,\"y\":39.1361351,\"z\":1281.96753},\"_anchorBPosition\":{\"x\":-650.5371,\"y\":75.46213,\"z\":1191.52039},\"_canBeDismantled\":true},{\"_anchorAPosition\":{\"x\":-580.7242,\"y\":40.27251,\"z\":1282.01392},\"_anchorBPosition\":{\"x\":-632.954041,\"y\":47.59763,\"z\":1244.50183},\"_canBeDismantled\":true}]}"}}